CostID,Recency,Frequency,TotPaidR,Rscore,FScore,Mscore,RFM Score
{A0BDA410-F2B1-4C1A-8D71-9E97791E70AD},66,23,9200,1,1,1,3
{818CF197-8A0E-41CA-916E-820F12A2429C},71,20,8000,1,1,1,3
{1737BCC4-6FF7-491C-AF0E-8448EB0D18D2},76,19,7600,1,1,1,3
{B77D86FF-2068-4FED-9157-722F95A2AD89},28,17,6800,1,1,1,3
{CF084E3C-560C-4490-B00D-185A979888FF},87,13,5200,1,1,1,3
{06CAB67D-A67F-494F-A298-A21AF11FDC30},95,10,4000,1,1,1,3
{C6726D61-2160-4D63-BE46-5152ADD77160},102,9,3600,1,1,1,3
{E6798A39-C08F-4EDE-B9B9-835545901919},117,8,3200,1,1,1,3
{8DB40971-7C99-4ADB-962E-A1C4AE2D3D04},123,8,3200,1,1,1,3
{FF4FE1BE-01A9-4F57-8259-3308ECAF216B},133,8,3200,1,1,1,3
{17BFBA76-EAE6-4D71-8E65-7DCB9B1552A2},77,7,2800,1,1,1,3
{946C24ED-3509-4B0F-B227-D450FEA543E0},95,7,2800,1,1,1,3
{4803E389-E703-49FF-8567-2D51B4C1C5B6},29,6,2400,1,1,1,3
{08AC7BA5-19E1-45BB-9C84-DAEB6F9B970D},76,6,2400,1,1,1,3
{20BF89C9-DFCF-4EE7-8589-5748FB47C14C},76,6,2400,1,1,1,3
{DDBDF5D6-95CD-46DA-A80A-E61988513110},79,6,2400,1,1,1,3
{2017F9D3-8CA4-44C7-BF28-8545F785E8ED},95,6,2400,1,1,1,3
{04663F92-8AA4-4CDB-AF68-DD9C28011AAA},96,6,2400,1,1,1,3
{6E3978F9-6000-4DD8-A311-7402B9703982},118,6,2400,1,1,1,3
{E83DBD92-FD37-4B30-845C-AB350399CEEF},125,6,2400,1,1,1,3
{1B1C7FFD-9C55-430C-A2FA-213C5EBC0478},130,6,2400,1,1,1,3
{3EB2A590-7F0E-4F2E-9FC6-3FD8073171F0},133,6,2400,1,1,1,3
{4E171A2B-7E4B-45B4-9BD9-3493D7116C93},148,6,2400,1,1,1,3
{6C0ECEDC-4F1A-4238-8FFB-BEB051C89BBD},148,6,2400,1,1,1,3
{6B5668F0-FEDC-42C9-A1B4-4785555D9BCB},27,5,2000,1,1,1,3
{C3FDEDDC-5224-4054-BE34-61A582ECE324},68,5,2000,1,1,1,3
{E96FE5C4-5EB8-43BB-89EB-936764F4E355},69,5,2000,1,1,1,3
{302AFDB8-1D4B-4EA6-9AC7-69646C6A254C},74,5,2000,1,1,1,3
{64CF4815-3D0C-4114-8059-FBD61C66BAA3},74,5,2000,1,1,1,3
{2D9041DD-206B-4B73-8957-E552AE448834},75,5,2000,1,1,1,3
{A9DF27E9-F7B9-4976-94FD-CE7E0236684A},76,5,2000,1,1,1,3
{953CB4EF-C2C6-47CD-B930-48295AE1CDD8},77,5,2000,1,1,1,3
{4433EAC8-8BD5-4E27-A5C0-E8B04901D2F7},88,5,2000,1,1,1,3
{0FA633A9-C301-41F7-9214-50B7876CA188},94,5,2000,1,1,1,3
{291C3E79-67D6-454E-8B7C-C881FEF60895},94,5,2000,1,1,1,3
{2EB741BF-3BF5-478F-8B74-2EB5124AC575},94,5,2000,1,1,1,3
{701BF3FA-4FB7-4C95-8AA1-39C45B524632},94,5,2000,1,1,1,3
{93466657-6619-48CD-A1BF-18D4B96534BC},94,5,2000,1,1,1,3
{138F13FE-5A8F-4D3C-825E-7612FDA05C8A},95,5,2000,1,1,1,3
{16F1590C-CEF0-4AA4-9A15-A02B340CFB55},95,5,2000,1,1,1,3
{3B6B733D-70B7-4599-8E59-A74252E6FB32},95,5,2000,1,1,1,3
{416E5115-A789-4DAD-8343-3BBC2233F9AF},95,5,2000,1,1,1,3
{59C90DB8-A2DA-4333-9AB9-D0FD538AC913},95,5,2000,1,1,1,3
{6C570C19-6D6E-475B-8FC0-2E2070614D2B},95,5,2000,1,1,1,3
{6F256CAA-C56A-4078-AE55-0C623E0A098F},95,5,2000,1,1,1,3
{98ADD013-9D7D-4963-909F-C199BF405EA2},95,5,2000,1,1,1,3
{AF4387A8-4364-449D-B5DA-1D78219117B9},95,5,2000,1,1,1,3
{B9491AF6-57E4-43B9-80B4-BEAED7AB960C},95,5,2000,1,1,1,3
{C7BAFF4D-30BD-4550-999C-B0A9FDE87784},95,5,2000,1,1,1,3
{DC739A93-D42A-484B-833A-2E160DA7F40D},95,5,2000,1,1,1,3
{EF403E35-BC6E-4516-B208-78CB693ADA26},95,5,2000,1,1,1,3
{F7E84CBF-617A-4EB7-9A8D-6B558899D813},95,5,2000,1,1,1,3
{5FC39932-9399-4B8A-9E1D-0263BF03F400},96,5,2000,1,1,1,3
{63C98BC8-3049-4371-83D8-8BC5EBC731F9},96,5,2000,1,1,1,3
{0C93E671-121E-4C36-B0B2-BD64548D837C},97,5,2000,1,1,1,3
{1F4D18C5-D184-461F-8F80-BE0083710189},97,5,2000,1,1,1,3
{78005066-4DE2-4C9C-9384-32705F691914},97,5,2000,1,1,1,3
{ACDE0604-B4EF-4DA0-A178-8ED97A102CEC},97,5,2000,1,1,1,3
{AECD5806-3337-4AA4-B92D-C8774AB3D41D},97,5,2000,1,1,1,3
{40D30DF3-5222-4540-B1B0-CBDC9A8F112F},99,5,2000,1,1,1,3
{98B744E0-20E5-44A4-8110-5C5080742FCF},99,5,2000,1,1,1,3
{2764BA3D-C103-4489-A67B-89EBD74CB2CD},102,5,2000,1,1,1,3
{497F94F5-D07E-4805-991E-558DF313556A},102,5,2000,1,1,1,3
{BD525534-1460-4A18-A970-64755BBDE0E9},103,5,2000,1,1,1,3
{FC4C57DF-16FC-4E20-B185-4931FFEE8E27},103,5,2000,1,1,1,3
{1AD6E57F-5675-4F35-9951-2BF3815A68D2},117,5,2000,1,1,1,3
{2FE70494-1318-466A-90C1-05C9B1B60AD8},117,5,2000,1,1,1,3
{C2EE7B60-3FE1-4909-9489-EB8EA6B02C92},117,5,2000,1,1,1,3
{C585E038-F094-4696-8767-11D83B52519E},117,5,2000,1,1,1,3
{DA77E3B0-18C7-41A5-B41C-391960AA2591},117,5,2000,1,1,1,3
{20930DC7-1E74-4F9A-9E6D-FC5CF2A9E860},138,5,2000,1,1,1,3
{0FEF9555-A3DE-4938-99B9-69D8E7A8F6E9},148,5,2000,1,1,1,3
{13818E86-2993-4CB5-9FFC-26D91F1D1515},148,5,2000,1,1,1,3
{207A8744-6BC3-4D58-8EF7-D5BA319A1FBB},148,5,2000,1,1,1,3
{5DA62B80-D717-475A-9D1F-D045B656A875},148,5,2000,1,1,1,3
{80B6E5EA-4E56-4A49-80A2-CA8C410AA737},56,4,1600,1,1,1,3
{AD672EE5-A779-4A94-8CB8-3F6FE069DB4F},57,4,1600,1,1,1,3
{22625F54-5531-4B92-8C25-1304ABC6C23D},74,4,1600,1,1,1,3
{F6C80F9F-2877-4DA3-92C3-5D9CCA7853F8},76,4,1600,1,1,1,3
{7098F22A-F018-4750-982D-CC128EE07BEA},77,4,1600,1,1,1,3
{8CE8C345-F1BF-4C59-B628-BE6C7C9D9E86},77,4,1600,1,1,1,3
{BF410822-776E-4F0C-BB42-E98ACD027169},77,4,1600,1,1,1,3
{C0CAC5EB-885E-4D13-BCA5-D8F0095531F0},77,4,1600,1,1,1,3
{C52AFE63-C4B8-4B91-A81D-AE6E62DAC4B3},77,4,1600,1,1,1,3
{CE9DE1C9-F279-4C5C-8881-14C5C57C3333},77,4,1600,1,1,1,3
{E8A9B1D8-7C8D-4EAC-8D6B-41B9A28D4A42},77,4,1600,1,1,1,3
{0E8126CA-DC41-40CE-A910-197038A906E2},87,4,1600,1,1,1,3
{5192AF7E-C0ED-4265-9F17-C8B75D4844E3},87,4,1600,1,1,1,3
{9CF4C71A-8EC5-4DD6-8620-15F5AE3CD959},87,4,1600,1,1,1,3
{A9006238-11F8-412E-9597-A68305C4F0C7},87,4,1600,1,1,1,3
{C60B6E9B-678B-470F-8101-4A9C4B43A949},87,4,1600,1,1,1,3
{BFA2035E-682C-430C-8BAA-E1AC270D1D1F},93,4,1600,1,1,1,3
{03DE91E1-370B-46B8-9A03-3740076F4CB0},94,4,1600,1,1,1,3
{6BA55B89-72CF-4FAE-814E-343858F167DA},94,4,1600,1,1,1,3
{C8016CBF-2B5E-4175-8E29-367A13F08618},94,4,1600,1,1,1,3
{DB16B163-6E7A-4C1C-87D6-9E7F93531FB2},94,4,1600,1,1,1,3
{E34B2C18-EACE-47AB-9D5E-629436052C46},94,4,1600,1,1,1,3
{E690AA95-15CB-48E8-9EDB-95D78BB23B2A},94,4,1600,1,1,1,3
{45BE5795-8444-4A78-8CE8-9BE1EF479D6A},95,4,1600,1,1,1,3
{4FE83E34-1D15-48EF-98C8-7E3D063B95F3},95,4,1600,1,1,1,3
{AAFA236B-82F3-4E3C-9085-B2FEDFAA2776},95,4,1600,1,1,1,3
{BD5257CC-85A1-4097-A181-833F7B8AE0AD},95,4,1600,1,1,1,3
{C9098D7D-C3EA-4B67-8EB7-FA7C078E5754},95,4,1600,1,1,1,3
{DB15FCCA-EE5D-42DB-8AE7-55593BBC6805},95,4,1600,1,1,1,3
{DE29E9D2-8BD0-4584-A3F3-CFAEE8307AF8},95,4,1600,1,1,1,3
{1E6A6CD3-F3D3-45D9-AEE0-E41408764A2F},96,4,1600,1,1,1,3
{20653887-65C3-448D-8C06-7083F8471F50},96,4,1600,1,1,1,3
{7AE749BD-2BC7-4667-95A7-EAB632E55031},96,4,1600,1,1,1,3
{BE4A6323-60C3-47DD-A651-FC499A8E2D70},96,4,1600,1,1,1,3
{C7A2C838-5DBE-40ED-821A-6BCFC8657B45},96,4,1600,1,1,1,3
{1CF795B7-41BE-422C-A052-6381FAD833AF},97,4,1600,1,1,1,3
{4A91DD2C-8B2C-429B-AD11-EB1B72613C65},97,4,1600,1,1,1,3
{668B5592-1276-48C8-B6EE-00E0BBE4940A},97,4,1600,1,1,1,3
{B0969A63-30FE-4891-99EC-597902C3F5C3},97,4,1600,1,1,1,3
{D43828E2-3354-4D0D-9097-E683E0CA25A2},97,4,1600,1,1,1,3
{F2C96F9F-CAA9-4071-83B4-A87545A18BE4},97,4,1600,1,1,1,3
{1CDCB2AB-60B5-4C70-AC0A-3FE2BFDC1124},101,4,1600,1,1,1,3
{23819026-DF61-4632-BFDE-8F120D0F171A},101,4,1600,1,1,1,3
{B84EA4C5-A38E-44CF-A311-734C713837EB},101,4,1600,1,1,1,3
{F4FBB5F2-19CD-47CA-85AE-EE11979FCA8B},101,4,1600,1,1,1,3
{79D9C552-878A-4D9C-AAD3-7E09718870E5},102,4,1600,1,1,1,3
{CDE69F80-57DC-48F8-90F9-FE7F344B47AD},102,4,1600,1,1,1,3
{F727CAC9-CA8B-4A06-AEFD-DFD7D3BB96A8},102,4,1600,1,1,1,3
{FC8FE32B-5939-4889-995E-EC059F0B273F},104,4,1600,1,1,1,3
{35C663F9-9C5E-4DD5-87FC-630A6E505107},107,4,1600,1,1,1,3
{8CBB4374-CF85-4E16-9ECB-B1BDBE983815},108,4,1600,1,1,1,3
{312F8D5E-B519-43B0-8EB1-328C163BF908},136,4,1600,1,1,1,3
{3FC9B47D-207B-423C-AFE3-10BBFA9363FE},148,4,1600,1,1,1,3
{683A0490-169C-4C2D-B7B4-67F944B5BF1C},148,4,1600,1,1,1,3
{7E3F380A-5A82-43F5-9EFD-17B02AA27802},26,3,1200,1,1,1,3
{FF87560A-AA15-490F-8DC3-9F736C6B5EC1},26,3,1200,1,1,1,3
{1BD17F70-CD5C-457C-ADC6-A476D9B88D93},29,3,1200,1,1,1,3
{B8CB17C0-F1B7-43B4-BB56-24A58BAA3142},57,3,1200,1,1,1,3
{12E4CADC-9BFE-4764-905C-E16487C8A3B8},62,3,1200,1,1,1,3
{382F2B04-E145-4BF6-A3B9-A6AC1796FD12},66,3,1200,1,1,1,3
{E9DEA8BA-E4F3-4B07-97F0-85FECCE627DC},68,3,1200,1,1,1,3
{476A5A88-EBE8-40AB-9F65-7C420A1CBBD6},69,3,1200,1,1,1,3
{DF7DC566-2AE5-46E1-8C49-0CCA96507DF7},70,3,1200,1,1,1,3
{FF2F6AFD-E201-424B-95FF-8A3C61E0981E},70,3,1200,1,1,1,3
{AAB8E604-7301-44E0-BBD2-C97EFC54EA3A},73,3,1200,1,1,1,3
{1688EB38-6059-414E-AE0A-FC7A4DC210E2},74,3,1200,1,1,1,3
{1DC2CF66-9B5F-4ED4-8EEC-0EAAC0CE7EF2},74,3,1200,1,1,1,3
{2969E020-0400-40A8-9ADA-342A9620FABC},74,3,1200,1,1,1,3
{2FED9659-4EB7-4B3F-B81A-5859869E5884},74,3,1200,1,1,1,3
{3899D97F-0E07-495D-815C-52B298FA84EE},74,3,1200,1,1,1,3
{394D3101-DC3F-42AC-A340-12BED3947790},74,3,1200,1,1,1,3
{434D5DDD-3595-40DF-9340-213C36FC52CD},74,3,1200,1,1,1,3
{5D5FF84E-C9A8-4A14-B7FB-8FDAA8BFCF50},74,3,1200,1,1,1,3
{86B2A99C-03A1-4076-B880-5FB91223E699},74,3,1200,1,1,1,3
{AE4896BA-54A5-40DD-A41A-C56DDE1B1036},74,3,1200,1,1,1,3
{CFD2A699-571A-4F0E-B4BF-519D2C8FEC7D},74,3,1200,1,1,1,3
{39D0B30C-9A2B-4347-8529-CC3F6820F008},75,3,1200,1,1,1,3
{4B610B49-A15E-45B1-915C-8E7C8932331D},75,3,1200,1,1,1,3
{62490B43-D5A9-4A48-938B-2E98FBEB468D},75,3,1200,1,1,1,3
{6419B8E5-70A8-4BA4-AF1C-D2B2AB031A66},75,3,1200,1,1,1,3
{78102E95-C4E8-4030-9D5C-5CB5032064B9},75,3,1200,1,1,1,3
{BFFDA6EE-6669-42E2-9E21-8F07FC2B8E1D},75,3,1200,1,1,1,3
{E0601A4B-6E1B-44FE-A55B-5026AAE86573},75,3,1200,1,1,1,3
{03FD75F0-F69F-4AB0-B1FE-041016BE4EED},76,3,1200,1,1,1,3
{06537414-1E2B-47BE-8E31-A73F576F3AE5},76,3,1200,1,1,1,3
{07C1E329-FFBC-4095-BCAE-1EE0E1E411D7},76,3,1200,1,1,1,3
{0A7EE3DC-D644-4BD3-A8DD-24E2E87F8D8B},76,3,1200,1,1,1,3
{0B3E94BF-2294-42AB-8A5B-1F7D640BB53D},76,3,1200,1,1,1,3
{1D419058-1CF3-4D67-9573-E4104451431F},76,3,1200,1,1,1,3
{2FFC05B8-E764-4478-BD85-9A1A5DE5BAD8},76,3,1200,1,1,1,3
{54485347-E163-4552-B677-C18227413B5D},76,3,1200,1,1,1,3
{6538D4EB-3D99-44AA-8E43-A57F2469A155},76,3,1200,1,1,1,3
{6D509C63-7DA2-4266-A018-B5FFCC000253},76,3,1200,1,1,1,3
{795A4001-34E3-42B7-9905-4DF0FC3EC346},76,3,1200,1,1,1,3
{862B5756-FC8B-42C7-AED5-D2F8FE751A4F},76,3,1200,1,1,1,3
{97B7657E-0D00-43A2-B8F4-72B016140E88},76,3,1200,1,1,1,3
{AE9F1CBE-6CC9-4BC2-96CE-0F3C95295F35},76,3,1200,1,1,1,3
{BBBF0A46-5083-4C86-9E61-2E8FAD1C4637},76,3,1200,1,1,1,3
{D2C43C92-8B77-4CAC-AB4D-4ABC99D1932C},76,3,1200,1,1,1,3
{DC2894D9-624A-4AF5-86B2-80E24EFA3BDF},76,3,1200,1,1,1,3
{E33E7421-5482-456D-A300-C5D859CA8262},76,3,1200,1,1,1,3
{EED41EB7-6E70-4454-827C-C01E8D81C682},76,3,1200,1,1,1,3
{F133C29B-4250-4FDD-A32D-8B5469FF108E},76,3,1200,1,1,1,3
{2188F068-EA17-4975-9A64-C2E2CF9FF6B8},77,3,1200,1,1,1,3
{2DDA82CE-5BB4-4402-BCDE-ECE9D0DFB156},77,3,1200,1,1,1,3
{3D18612C-7AEF-4084-AB10-8D8AF72E7247},77,3,1200,1,1,1,3
{3DCC15E1-9B8C-4153-93C0-915E28F645DE},77,3,1200,1,1,1,3
{3E9FB620-EEC8-45D3-B24D-00BADA095B11},77,3,1200,1,1,1,3
{4A74F88E-2309-48D9-844D-A70751E8239B},77,3,1200,1,1,1,3
{530B8B9D-0909-4FF1-A9B8-93528B8C2F3A},77,3,1200,1,1,1,3
{61B3D62B-8016-4299-B548-5CF3A0B32F01},77,3,1200,1,1,1,3
{6F926BA5-2EC6-4B3D-A3CB-067252533A97},77,3,1200,1,1,1,3
{8D80C59C-0920-45B6-883C-7836D3EEE5A4},77,3,1200,1,1,1,3
{8FF8E18B-CF3D-4B0C-9D2E-521AA0B2DC2B},77,3,1200,1,1,1,3
{916F2B52-4AC4-4C4A-B648-5253B7BD6F7B},77,3,1200,1,1,1,3
{93E708A4-BF56-4B02-AF8F-9934E344DBAB},77,3,1200,1,1,1,3
{A3350401-C8A0-426F-B656-F9C32AFA4133},77,3,1200,1,1,1,3
{BEBDAD9B-B225-47E2-940A-1430AD7913C6},77,3,1200,1,1,1,3
{C5043A9F-B681-42B3-9229-470C4D118F8A},77,3,1200,1,1,1,3
{C5054D02-7795-4D77-91F8-8BF8EDFB2713},77,3,1200,1,1,1,3
{CA8E6973-777B-4E37-A73F-F9C8510BE18C},77,3,1200,1,1,1,3
{F7B92242-951A-4034-90D3-F2A52379ED6E},77,3,1200,1,1,1,3
{250EE3AD-1EF5-4789-AA23-4E47DD0E047B},78,3,1200,1,1,1,3
{855DEA4D-B314-49A1-B999-8889FF4AE167},78,3,1200,1,1,1,3
{9A0A5AFF-C33E-45D2-8ACB-A63A6064CC69},78,3,1200,1,1,1,3
{B6CD65B2-9B29-45AF-95B5-D5C9738BFA6A},78,3,1200,1,1,1,3
{DD942179-EA84-4670-B6D0-280BBCF761FD},220,15,6000,2,1,1,4
{1D1220D4-6398-405D-B892-3B0999466C20},176,7,2800,2,1,1,4
{4F85A649-0948-40F9-93B8-4D2FAD09E525},303,7,2800,2,1,1,4
{FCCC83F1-A320-4C72-BC84-41571521275C},303,7,2800,2,1,1,4
{957F6E93-FF06-4B23-BA65-4F9EF01D5FA7},375,7,2800,2,1,1,4
{3BF62F12-CC7D-4E3C-BA08-DD1FC8B39B70},207,6,2400,2,1,1,4
{5E34F0F0-7A89-46FA-AC66-2DEA3279B2AE},214,6,2400,2,1,1,4
{9610B938-3E1A-47CA-BC0A-52CE0C807755},239,6,2400,2,1,1,4
{5E1C710C-F538-4105-BA93-7F89EDAE63CF},266,6,2400,2,1,1,4
{ACABE757-7C82-4511-955E-3E960AA14D52},270,6,2400,2,1,1,4
{B535DEC2-F9DB-42B5-8A89-AE8AF9BFB4A7},303,6,2400,2,1,1,4
{C651DD91-CA72-447C-B80A-A2E8EB0BDA37},331,6,2400,2,1,1,4
{D8B3368C-848E-4E48-8775-1FEBEFF80435},398,6,2400,2,1,1,4
{E6A036E7-92C4-4436-BE22-6917BE98D710},148,5,2000,2,1,1,4
{F27550F9-DD5D-4AAF-9397-5C2BF589F62A},148,5,2000,2,1,1,4
{64E34690-7C7E-4A9C-A935-CF8ED0DF93BF},149,5,2000,2,1,1,4
{F10DC6BC-25CB-45CA-A5D7-793E13769F21},164,5,2000,2,1,1,4
{A89E160A-3CE3-4714-B93F-7E90E804A1D1},176,5,2000,2,1,1,4
{8410E7A9-3259-46E4-85AF-77082F904E9A},178,5,2000,2,1,1,4
{23D29CDB-B69A-4AA1-95E1-B90974C5E95B},207,5,2000,2,1,1,4
{93F63B31-36F9-4E64-9076-C4B302DC7719},207,5,2000,2,1,1,4
{626C54E6-2330-4DC4-92B7-5A4FF39EAEE3},239,5,2000,2,1,1,4
{6D3333C4-F6B7-4388-81C4-4C29B1BB7FCA},239,5,2000,2,1,1,4
{EA4F0A48-F7F1-4F5C-83A6-69DD6619F40C},239,5,2000,2,1,1,4
{6B49E0FC-5551-4255-9A5A-EA997D84B973},266,5,2000,2,1,1,4
{DFEA5B19-A279-4CDF-8F32-3901AF8ABCE2},269,5,2000,2,1,1,4
{ED917C2E-BE0C-49F8-97C0-9312E3D4DB09},270,5,2000,2,1,1,4
{27729BE7-D895-4A76-B737-D03481015C68},299,5,2000,2,1,1,4
{564312DB-482A-45E9-B34B-ED1BEA732FC0},331,5,2000,2,1,1,4
{A24E3E0A-A8C3-4335-B8DE-4CFB54F54A91},358,5,2000,2,1,1,4
{78B60BDC-1C40-4583-A26C-629EEB8DBD7E},361,5,2000,2,1,1,4
{F51D7656-9FE8-42B8-8901-65A78502C50A},367,5,2000,2,1,1,4
{D2D09039-3B72-48D1-9B2F-95EEE6F01592},370,5,2000,2,1,1,4
{B5D5657F-8C2C-463A-BB7B-2977B7FC6F8D},382,5,2000,2,1,1,4
{C0ECFC4B-C0C9-4ACD-A7AA-7EAF07D42C19},392,5,2000,2,1,1,4
{632C6170-ED8F-4E48-B6AE-930EFDF96743},399,5,2000,2,1,1,4
{E2EF0564-4C57-43E2-ACB7-E7D830102EB2},403,5,2000,2,1,1,4
{877D279F-213C-4E77-BF2B-9BADBFD1BBC2},148,4,1600,2,1,1,4
{ED27CFF6-85B7-41BB-A81A-FCF836B4902E},148,4,1600,2,1,1,4
{039D2EC0-A40B-46BE-8D28-75E62EE09ACC},176,4,1600,2,1,1,4
{15C27AA2-070B-414D-A4F9-2A6675DD4399},176,4,1600,2,1,1,4
{21D3F800-15D7-4DC0-9D21-3856B8B5A259},176,4,1600,2,1,1,4
{A771C9E7-6053-43A6-9C03-E3929374BCFD},176,4,1600,2,1,1,4
{7916A64D-0C58-448B-8065-1F129B3D9CDB},207,4,1600,2,1,1,4
{A8F5D97B-EC00-4A44-825F-0E33C25EA005},207,4,1600,2,1,1,4
{B60AC23E-6549-4CC4-A9A1-2B15CE0F87DC},207,4,1600,2,1,1,4
{28856D9F-D354-4381-AEFC-47943F6DE8ED},238,4,1600,2,1,1,4
{46FAC872-3EA9-40FF-9A40-0F11BD8DEECF},238,4,1600,2,1,1,4
{59A7DF32-1B7A-4AA3-A8E9-2E40A3BC7A29},238,4,1600,2,1,1,4
{F1553618-53F8-401D-8204-3E954A074AC0},239,4,1600,2,1,1,4
{4AFF8882-CDE7-47FE-AE9C-1DE838D804A9},252,4,1600,2,1,1,4
{82630FEA-ED32-41A9-923E-EF7701C94C39},265,4,1600,2,1,1,4
{A8C751A5-DECF-44FA-A102-6D9265109AAB},266,4,1600,2,1,1,4
{97EA1465-54C3-4FB7-B6FC-DB2888FEA76F},268,4,1600,2,1,1,4
{1AB243EF-1763-4558-B04A-3F7778A7F051},269,4,1600,2,1,1,4
{B6DF4592-00B4-4E9C-868C-5303A05BAC87},269,4,1600,2,1,1,4
{040AD4FA-A233-48D7-A818-63E88F82C270},270,4,1600,2,1,1,4
{57F65ECB-8E77-4E2A-BC81-C5ACFC55B730},270,4,1600,2,1,1,4
{8D9E103F-69BC-4CF8-A41A-71895D6096A3},296,4,1600,2,1,1,4
{97161F1C-A4EB-49B2-8FD9-B6D86A226AB3},299,4,1600,2,1,1,4
{4151C2EA-2334-4213-B731-43EFDCF7D2EA},303,4,1600,2,1,1,4
{E18B2776-3499-4387-B8A2-D53F306C8979},313,4,1600,2,1,1,4
{64D84D81-5F90-40EA-AB37-0AC231FB38C5},326,4,1600,2,1,1,4
{2AEA5AF7-CB1F-43E5-B94C-BEED4BA6F65E},331,4,1600,2,1,1,4
{48443429-C18A-4EF7-8EF8-DA2C7D4831A1},331,4,1600,2,1,1,4
{69BF8514-6120-4F35-B802-00690BFC2544},348,4,1600,2,1,1,4
{02C59776-02C7-40BC-AB76-D8CF529E6D26},358,4,1600,2,1,1,4
{2FC3264A-12B7-42C6-9331-D3EF406FFC0C},358,4,1600,2,1,1,4
{3C37CC3C-69FC-4865-AA82-2D475122030B},358,4,1600,2,1,1,4
{4760F584-C83D-442F-890E-6461947CA5F2},358,4,1600,2,1,1,4
{AC1D02AC-CAE2-4913-9C57-7B6A3C4E84DE},358,4,1600,2,1,1,4
{F388FA41-E4E4-4B29-A5BC-4C8642812E60},363,4,1600,2,1,1,4
{F374D385-1F06-4D33-83CA-706B27B7A0A1},368,4,1600,2,1,1,4
{AE0E9859-1DBC-4E27-9D55-7E10E7C4363B},370,4,1600,2,1,1,4
{BD608078-81BD-41A3-A842-4A19DE720CFA},374,4,1600,2,1,1,4
{2B367D57-9FAA-49D9-9296-64269A991C02},376,4,1600,2,1,1,4
{3E60D978-CB76-46A9-BC04-C549E27D9706},376,4,1600,2,1,1,4
{C630908E-905E-48E8-8987-12AD9EB1C8AA},376,4,1600,2,1,1,4
{0A4D107F-4817-43DD-8C16-25712B141058},378,4,1600,2,1,1,4
{696EA902-6C35-4C49-977E-BC624CA6A0BC},381,4,1600,2,1,1,4
{26C855DE-C48E-4C66-BD69-C0B4445945C1},383,4,1600,2,1,1,4
{4C6335BF-D932-476F-A884-4D9FDC1F05F4},383,4,1600,2,1,1,4
{6173CF70-0B3F-47A6-A7BD-5E2F1B34B976},383,4,1600,2,1,1,4
{62F0AB88-2A19-4922-94C3-A0C66DDDB519},383,4,1600,2,1,1,4
{C0DE71A8-15A9-4656-9D5A-E233BCD95680},383,4,1600,2,1,1,4
{18EC599D-CBE1-421B-9E71-F6E4B3174E75},396,4,1600,2,1,1,4
{1C333DD6-2D92-4D92-B14D-4EFF16392C95},396,4,1600,2,1,1,4
{4F777ED0-B997-4F6F-B329-21478DAA1FFA},396,4,1600,2,1,1,4
{BC1F4E2E-0835-4199-970C-40E5B16FD654},396,4,1600,2,1,1,4
{72E464C2-9926-4732-8B2F-EE86D2B159EB},399,4,1600,2,1,1,4
{ACC2FDC1-4F04-49A0-BAE8-944515F66225},399,4,1600,2,1,1,4
{F52D9760-6FBF-47C0-A6D9-F8222A37262F},402,4,1600,2,1,1,4
{83D33AAA-4519-47F0-A31F-AF93DDD0401B},422,10,4000,3,1,1,5
{09E4C26B-26BE-4FA8-BEC2-5DBD0ED09080},450,7,2800,3,1,1,5
{6D2F8847-C49A-4C33-8E5A-F2421B873703},456,6,2400,3,1,1,5
{ACD206DC-00FF-447C-9C4A-E7D2A5E652C2},460,6,2400,3,1,1,5
{D1CB9224-A5FB-41B0-B0A3-A7B3F46C02AB},475,6,2400,3,1,1,5
{572838EC-78BC-44A3-A883-BE1000BB0F1F},419,5,2000,3,1,1,5
{9A17730C-2D37-4FBB-A2C6-82377BAB3DD1},440,5,2000,3,1,1,5
{07FC9009-F458-4621-842E-96B69A36AB5E},450,5,2000,3,1,1,5
{DD961C6D-335F-4E60-863A-397C7E5EB3C4},450,5,2000,3,1,1,5
{CFEB3A1D-5865-47A9-B478-51704C592DD0},419,4,1600,3,1,1,5
{E71BA329-F676-42B6-890F-76DCA8FE52B3},419,4,1600,3,1,1,5
{1CCC9DBD-5B02-44BE-A6D5-0FFF4CC6D53C},440,4,1600,3,1,1,5
{49B30187-4136-4F05-9E4D-B8DE9DF8DC6D},440,4,1600,3,1,1,5
{17094BD7-6A17-435D-BD9D-95F1B325FBD7},441,4,1600,3,1,1,5
{F85B235F-1D5B-4014-A31C-F2AFDD1C3C23},441,4,1600,3,1,1,5
{BB618D0F-EED7-47DD-8B60-2DF8779978EB},450,4,1600,3,1,1,5
{75F8657D-2FF6-4864-9C9B-D4B648923281},452,4,1600,3,1,1,5
{858AF7E8-1284-430C-A811-74E80EAD7723},456,4,1600,3,1,1,5
{AD3CF05E-86AE-4498-B18C-A622B3AB1446},458,4,1600,3,1,1,5
{074BB022-8045-47B6-BEC1-EFF7356B12D9},459,4,1600,3,1,1,5
{4F93254E-CFB3-473D-8D02-A95856839535},459,4,1600,3,1,1,5
{EF4AAE58-7C04-4209-B260-5ECFC8DB5FD7},462,4,1600,3,1,1,5
{57227500-5BA8-459D-A74A-50F94524BF3F},479,4,1600,3,1,1,5
{D04DF5A4-9C86-4557-8AE7-C5B2BC3EFA25},78,3,1200,1,2,2,5
{F34A33CD-8169-4580-A2A7-1D434FE2ED73},78,3,1200,1,2,2,5
{0F7995C7-E442-4F01-AE46-9A77BC646FC0},79,3,1200,1,2,2,5
{3E5D2E67-F28A-452C-8E8B-4D85409BCD83},79,3,1200,1,2,2,5
{C2FAD287-292D-4A2F-A07B-5EED05E961EC},79,3,1200,1,2,2,5
{1267F332-EBB8-42DB-B74A-55897DB2426B},87,3,1200,1,2,2,5
{5C192142-F19C-4CF9-89F1-FD4C3B19090E},87,3,1200,1,2,2,5
{845B823F-778B-4FC6-8816-6E856DCAFE9D},87,3,1200,1,2,2,5
{A78348F1-13BC-490D-B68A-AD02E5130037},87,3,1200,1,2,2,5
{D34446D0-50A5-4F3C-939D-BF090B53ED2C},87,3,1200,1,2,2,5
{E2A2BE1F-FBCF-44EF-A8BE-552939208CAE},87,3,1200,1,2,2,5
{E39C3857-388F-4D3A-A8D4-BA0D3B3EC753},88,3,1200,1,2,2,5
{E737E0B7-B517-45AE-8DD3-53E747F71788},88,3,1200,1,2,2,5
{795A1B51-354A-4E82-BFC0-9DC855F98635},93,3,1200,1,2,2,5
{05DC3037-7629-48BA-ADDD-15F4ACE97903},94,3,1200,1,2,2,5
{17BC4A3D-6A2B-470A-84BC-B9CCDBD4B27A},94,3,1200,1,2,2,5
{49EBC19D-1606-455B-B43A-C1EDD8A8322C},94,3,1200,1,2,2,5
{53E57473-4967-4378-9054-F54061F5405C},94,3,1200,1,2,2,5
{6BE1895A-71E8-4ED4-9B20-D3AF03EE88FD},94,3,1200,1,2,2,5
{B849EDF8-C466-41D6-8225-D692AD43C9A7},94,3,1200,1,2,2,5
{BD466C55-B74E-42D0-B3E5-0796AE79E32F},94,3,1200,1,2,2,5
{DDCBBF21-9565-46D5-B698-E72625A4693C},94,3,1200,1,2,2,5
{0A2E6807-2F8A-454A-A965-7FBFCC4C879B},95,3,1200,1,2,2,5
{11BCC57E-44BF-46DB-BCC7-D1615D23E717},95,3,1200,1,2,2,5
{12FCA394-989C-42DD-869E-68066CB93C89},95,3,1200,1,2,2,5
{22D91949-CAC2-4F1F-A2F3-E639DDAE8241},95,3,1200,1,2,2,5
{4091DCAF-3750-498C-906A-02ED8BB3C988},95,3,1200,1,2,2,5
{50A90A67-FDFA-4388-9B2B-98CD1AE12679},95,3,1200,1,2,2,5
{50E9D5A3-4F4D-4428-833F-302ECDA00564},95,3,1200,1,2,2,5
{5B0C12C7-8A7F-4999-9E75-AFF3E48ABF8F},95,3,1200,1,2,2,5
{61CEA2E0-5718-4384-BEE5-DB82FD7EC19D},95,3,1200,1,2,2,5
{62C0C021-D74A-4659-AE52-2DB34BB68458},95,3,1200,1,2,2,5
{69D364B6-F008-444B-BCF7-063E0F9D80C2},95,3,1200,1,2,2,5
{8683E866-E655-4F57-94B0-9F7648DE85B8},95,3,1200,1,2,2,5
{A4A224E7-D90C-41BF-8E87-63404D1C07A1},95,3,1200,1,2,2,5
{AB1FBBF6-8928-4BAC-8522-B404E06CB1C3},95,3,1200,1,2,2,5
{C47AA45F-D34F-4645-8FEB-3DB57A06758B},95,3,1200,1,2,2,5
{CF9BCD76-AB7D-4506-BD76-33C9CD998718},95,3,1200,1,2,2,5
{D2EA883D-CF6B-462A-A037-F0BDC24AA775},95,3,1200,1,2,2,5
{D7B1FEC3-EF59-4331-B664-4FB26D7E3F79},95,3,1200,1,2,2,5
{E1E1531B-7133-47BB-866A-EFE350919D7A},95,3,1200,1,2,2,5
{E82B1821-1DA4-4039-915D-6F6F5603A7A4},95,3,1200,1,2,2,5
{EEB9148F-80A6-4786-B443-EA219D9184FE},95,3,1200,1,2,2,5
{F0B3C034-1751-4A02-A269-1DEAEBCA0899},95,3,1200,1,2,2,5
{F54E21C3-C30C-499C-9294-42F99D03434A},95,3,1200,1,2,2,5
{F8107737-C494-4797-8377-7440AFE457E2},95,3,1200,1,2,2,5
{0FA73C06-67AD-487A-989A-EBFC9948CE09},96,3,1200,1,2,2,5
{12123203-CEBB-4E28-9039-CC3C8B4A3BC7},96,3,1200,1,2,2,5
{140C1ED9-3613-48C0-A185-1B766CFCE8DD},96,3,1200,1,2,2,5
{1F7A8286-FFF2-415B-A761-BA6ADFF4DBEA},96,3,1200,1,2,2,5
{93A550DA-7348-4EE3-AC58-3A71E70E65A7},96,3,1200,1,2,2,5
{A7960826-9E70-42A0-8C7A-8922CD8CADAA},96,3,1200,1,2,2,5
{F440554B-AA52-4DE8-8AF1-C11E93134366},96,3,1200,1,2,2,5
{187F1EB1-6568-42F2-A374-D74158CD90C9},97,3,1200,1,2,2,5
{3945F0F3-5782-4864-8E86-EC98CEA8F42E},97,3,1200,1,2,2,5
{790CA2DA-50A3-47B6-A5FD-DED1DA7D60E8},97,3,1200,1,2,2,5
{93639008-5966-4FFA-ADF7-C1089BB4AA41},97,3,1200,1,2,2,5
{C59EC396-A57B-4005-926B-585D14715B37},97,3,1200,1,2,2,5
{CAA12626-205F-4845-8AED-AF0D8E0AFCF4},97,3,1200,1,2,2,5
{D595246B-05AD-4831-A5C6-44B4FCEA4ED7},97,3,1200,1,2,2,5
{D6F5CC0D-3DCE-48F1-8ED1-4F2601AECDB7},97,3,1200,1,2,2,5
{E04B8ADD-0236-4B74-B558-1DAD9FD29BF9},97,3,1200,1,2,2,5
{F3FC3523-7C7F-4D26-8336-17771CB35B9B},97,3,1200,1,2,2,5
{0FC9BA35-6AE0-425C-9736-A13AA015D8F5},98,3,1200,1,2,2,5
{2A360969-2E03-4A13-9D8A-087E20D3AD65},98,3,1200,1,2,2,5
{DE882C80-7BA2-4A8B-A441-FA5F2C72C588},98,3,1200,1,2,2,5
{93EE1608-B712-411D-AD6B-B41EFC29E084},99,3,1200,1,2,2,5
{770D0A58-5452-49C3-A0FE-8CAA6E2F1D29},100,3,1200,1,2,2,5
{0FD8C932-3E82-4010-873A-5BF0E55EC05D},101,3,1200,1,2,2,5
{1AAF9B70-65F7-4EAA-A106-F8EAA1CB66ED},101,3,1200,1,2,2,5
{42DBC715-3A8F-425C-BFD3-CAFDC6913E31},101,3,1200,1,2,2,5
{B15CA214-4E60-44DE-9CA9-9318D9A994A4},101,3,1200,1,2,2,5
{B863DD15-789A-4740-A6DF-802DD4B0F792},101,3,1200,1,2,2,5
{DBAA8681-CB2B-40AB-827F-EBF91A4F4F95},101,3,1200,1,2,2,5
{07A98C87-9D00-4D65-AD0B-288755C7EBF8},102,3,1200,1,2,2,5
{56D45C96-C280-429E-870E-C005A24B11D4},102,3,1200,1,2,2,5
{942AE05B-E1EB-4F3E-9999-018E6EFA86A2},102,3,1200,1,2,2,5
{A227F059-9FA2-4F66-8FD7-2D2AA1EBED65},102,3,1200,1,2,2,5
{C3648E9D-5FE2-4517-89E7-DF0DDB702F8E},102,3,1200,1,2,2,5
{D72D98E0-CB33-486A-871B-4842F2A1A397},102,3,1200,1,2,2,5
{DD76F422-E160-420C-9850-A59DC708EF39},102,3,1200,1,2,2,5
{E3627046-6036-443B-B94E-6670AD6FCD58},102,3,1200,1,2,2,5
{2370B4B8-B07B-4045-A95E-793861AC7BD3},103,3,1200,1,2,2,5
{31ED08E2-6886-48CE-8504-01FDAD7B582B},103,3,1200,1,2,2,5
{379FA85B-59EE-432D-82AF-328D03E16873},103,3,1200,1,2,2,5
{29DB6F63-02CA-4B23-BA07-EBDAF5F4F77C},104,3,1200,1,2,2,5
{2D91EEDC-F3B4-4A4A-BADF-FC6540F59EE0},104,3,1200,1,2,2,5
{5374A1D4-91C5-4774-A85A-288A89AE2F39},104,3,1200,1,2,2,5
{4532CACC-4FBA-4D12-9157-850001D7F860},106,3,1200,1,2,2,5
{A61C38FC-C2F4-465D-96FA-7986D76EA584},108,3,1200,1,2,2,5
{4CE5F005-10A9-4A00-B97A-84EA37912881},109,3,1200,1,2,2,5
{0DED7D02-50E6-4B17-B8DF-7FF7D673B147},117,3,1200,1,2,2,5
{118AE251-4EC2-43EB-9F80-EF976C4CF847},117,3,1200,1,2,2,5
{2A19D920-C338-424F-9D07-61BF8E04F872},117,3,1200,1,2,2,5
{2F0456F3-885B-4B77-BF07-2D49BD315425},117,3,1200,1,2,2,5
{3777DB5D-2CDB-4A94-A077-C2FB0CC6213D},117,3,1200,1,2,2,5
{72AD67BF-6D7C-4166-BEC3-245128D288E9},117,3,1200,1,2,2,5
{92C5546E-2840-4DE5-9BAD-564001DBB309},117,3,1200,1,2,2,5
{B86C4CA9-05FE-431B-8D27-238C9813DE0E},117,3,1200,1,2,2,5
{C33A7047-5F3C-427B-96E9-48F3EA3FD7F9},117,3,1200,1,2,2,5
{E2088170-0019-4F25-9533-480A343F4227},117,3,1200,1,2,2,5
{E817B2C2-0724-440F-B4B7-914B5C643B5C},117,3,1200,1,2,2,5
{FDBA9EAB-471E-43E7-8988-CE9E5FEA8DE9},117,3,1200,1,2,2,5
{E325B793-FCA6-4BBD-892A-6CD266560A11},134,3,1200,1,2,2,5
{DCD718CF-4EFF-4DAC-B8B8-830091C69ADA},139,3,1200,1,2,2,5
{1425059C-62B0-4011-B3EE-ABCF7368D1D4},148,3,1200,1,2,2,5
{31EE1A60-71A3-43FA-B63F-25BDB37333B8},148,3,1200,1,2,2,5
{376EE97B-BAEB-4760-AABE-B2E332C5DE4E},148,3,1200,1,2,2,5
{689E7E93-6B2B-402B-9F55-5898E5B8EFD4},148,3,1200,1,2,2,5
{84B36598-E816-475E-A26E-7DBA2F2C22D9},148,3,1200,1,2,2,5
{B25C4B72-FE0E-4181-9746-2066CC3E7B6D},27,2,800,1,2,2,5
{5209D1D5-AE96-4D0B-902D-38FCA25B033A},57,2,800,1,2,2,5
{F1BE3C10-EB18-4F32-8F61-36E12E7CB4E1},75,2,800,1,2,2,5
{34641854-C05C-4751-A4C9-FFE99D30DFA7},76,2,800,1,2,2,5
{51A6F236-2091-4504-8719-6D3FD898EC0A},76,2,800,1,2,2,5
{A4F8DB86-0EA9-4F11-9E6A-4071DB36A34C},77,2,800,1,2,2,5
{0F569088-E2FF-4C61-B350-AA15F1F43AEB},78,2,800,1,2,2,5
{733E4A12-E143-475A-B60A-3CF56675F178},78,2,800,1,2,2,5
{9020E02D-CC40-49FD-BA93-2B3C4C536FEE},87,2,800,1,2,2,5
{A3E74EED-C0F5-4732-A3D9-EE458CBD1FFF},87,2,800,1,2,2,5
{FC9CA910-ACF7-4024-946F-B2D9F6D1D4EA},87,2,800,1,2,2,5
{8FA01AC0-3BEC-4FB7-ADA6-15D5225CF9DC},88,2,800,1,2,2,5
{F67AA8A9-E916-4684-B5F1-E47A209C4F4B},88,2,800,1,2,2,5
{99F39562-2E39-4F93-80EC-61BEF8866F69},89,2,800,1,2,2,5
{5473915F-19B5-46FB-96D5-9BBC0AA3EF24},95,2,800,1,2,2,5
{7C0ECDD3-0336-4EA7-B012-F852E57D6FB9},95,2,800,1,2,2,5
{4DE323AD-1E2C-4AB3-87B9-B0DAF204DBD5},96,2,800,1,2,2,5
{71D192E6-203A-44F8-9138-C6A619FE43A5},96,2,800,1,2,2,5
{38BE3FF5-6891-4119-807F-1FD946221AE2},104,2,800,1,2,2,5
{1E130305-4159-4EE9-A286-79EC44CD3982},109,2,800,1,2,2,5
{09BC2534-499B-44CE-AF15-866727B81297},121,2,800,1,2,2,5
{F5B74232-5266-4C23-B5FF-A2E8BB44540A},123,2,800,1,2,2,5
{BE77B524-8981-421F-8A0A-2DF7F3D78A0A},124,2,800,1,2,2,5
{60D55C49-D6CC-4805-8E25-B803B6BF54EF},125,2,800,1,2,2,5
{6C5E9E6F-FFE0-44B2-9755-FDA77002037D},126,2,800,1,2,2,5
{1CFCCB7B-7C9F-4AF7-9087-9E643A7C90D7},140,2,800,1,2,2,5
{04A20C57-D7C4-4128-9A7F-8D178710038A},148,2,800,1,2,2,5
{4FBEC0DC-6E3E-46B5-B9D1-BCFD2E271A01},148,2,800,1,2,2,5
{63784FD0-362D-404C-918A-299C2C1BE4F8},148,2,800,1,2,2,5
{BC7BB287-A6E0-48DC-9EB2-1487B81D06C9},521,7,2800,4,1,1,6
{903F48D4-E215-4215-8A74-9B5008BBB9BD},496,6,2400,4,1,1,6
{0487BF97-CEB5-4B3C-98E3-025A986BE7CE},502,6,2400,4,1,1,6
{CE77B9B7-D472-4EDF-8EBE-EC5B01795159},504,6,2400,4,1,1,6
{D2650019-FEF9-4477-B772-52AFB939F136},513,6,2400,4,1,1,6
{E44A60EB-7430-46F9-9532-878A9A195312},504,5,2000,4,1,1,6
{CE2993E1-3DA9-4EF2-8067-339F9106F509},573,5,2000,4,1,1,6
{639F0E13-57E7-46D6-AAFD-719B0E37B033},819,5,2000,4,1,1,6
{DB226716-1D83-4C9D-A8C4-E28A224E76B5},493,4,1600,4,1,1,6
{9928AB29-BD4E-42CD-BB62-2CA1C8563226},497,4,1600,4,1,1,6
{742ACBD4-0796-4B3B-AC22-71D8F2CB6652},500,4,1600,4,1,1,6
{15A6DB7B-9B9E-4C7A-958C-3ED84E687C9A},501,4,1600,4,1,1,6
{08835A15-671D-471C-A7D6-A024A960CDDC},503,4,1600,4,1,1,6
{09B5974F-F8EA-42D9-B633-569355ACDA2A},503,4,1600,4,1,1,6
{5B789AD4-BD8D-4B2E-AADA-77258C901C6D},503,4,1600,4,1,1,6
{A3FEB8E1-D1BB-4C6A-B56C-747295E43444},503,4,1600,4,1,1,6
{9A3DA110-4500-4AA1-BC52-56EB8823E8BC},504,4,1600,4,1,1,6
{02C072EC-E6C8-451C-A52D-5879920DE9A9},513,4,1600,4,1,1,6
{9F6D2BAC-8E9E-4B65-AFA7-701A42C3A4C1},515,4,1600,4,1,1,6
{53BB9E15-A751-4BD8-9A4E-939577CB837E},523,4,1600,4,1,1,6
{857F579F-703C-4B7A-BA8D-45C682EA8550},525,4,1600,4,1,1,6
{FD3ADD18-944B-4290-A15B-F0A6A3598616},543,4,1600,4,1,1,6
{B6B995C2-B26B-4801-BE67-D50EFE6029CC},654,4,1600,4,1,1,6
{D5100574-5595-4040-A55A-656ADB61ABF7},726,4,1600,4,1,1,6
{973C87DA-30BC-4BB9-822D-E20EA7219E80},148,3,1200,2,2,2,6
{B51DD6A2-599B-430D-B18D-395C5C2843E4},148,3,1200,2,2,2,6
{B8E8EB3C-63CA-470E-927E-88955608DC38},148,3,1200,2,2,2,6
{D33725E3-8265-4DD9-95A1-ED1A9B8AE0F6},148,3,1200,2,2,2,6
{D916AFC8-B121-47C9-B8DE-EFBBCDAF93AB},148,3,1200,2,2,2,6
{08C37679-1165-4402-BB99-89E1D31C1D51},176,3,1200,2,2,2,6
{268A944D-5CBD-4595-B915-393063D48124},176,3,1200,2,2,2,6
{609E51AA-5716-4779-A611-3DC1C1463898},176,3,1200,2,2,2,6
{60B56313-AC1D-4BB9-8721-96BEE9948362},176,3,1200,2,2,2,6
{61A5426E-B0FA-4DE8-A29E-562E9533880F},176,3,1200,2,2,2,6
{8D0E1C09-12D4-4E2E-8F58-2744EC29C6E1},176,3,1200,2,2,2,6
{B55F4CBD-7A4C-4B7D-B119-B9890901C33C},176,3,1200,2,2,2,6
{C1BA1E24-3696-48DE-9241-AF0C977B68A2},176,3,1200,2,2,2,6
{D3FDAEAE-F09B-4085-950C-1E8759F37FBD},176,3,1200,2,2,2,6
{8469471F-C5A5-465A-B83B-34D3945EFE34},182,3,1200,2,2,2,6
{2394084B-BD3B-487F-B5DF-7DEC1D26B2E8},207,3,1200,2,2,2,6
{3574DF58-2854-4A2B-A0B5-FA8F87E864B2},207,3,1200,2,2,2,6
{6CCF4922-AC68-4336-978A-386D078D3FCA},207,3,1200,2,2,2,6
{89B528CE-A89B-489E-80E8-CF096A30351F},207,3,1200,2,2,2,6
{9CC1F452-6D4A-4468-8171-E4090AA4A83B},207,3,1200,2,2,2,6
{A786D06E-166B-4EC6-A47D-58EC7EFF92AC},207,3,1200,2,2,2,6
{D1B26639-E936-4013-A56F-6812EA29DE73},207,3,1200,2,2,2,6
{D26C03F4-8B18-4DB1-A972-A1302A74470D},207,3,1200,2,2,2,6
{DF8A75D2-AFA6-4B15-B543-E43B909BCCF4},207,3,1200,2,2,2,6
{97372F94-1793-47AE-8495-37C94B4FDD25},236,3,1200,2,2,2,6
{C118D460-0DD0-428B-B0A2-007A8DBF3EFC},238,3,1200,2,2,2,6
{F8B9616B-F182-4F70-8F4C-9A1D96E9C46B},239,3,1200,2,2,2,6
{2C0909BF-5D51-4DDB-9F02-3A13583B00F8},262,3,1200,2,2,2,6
{B3D6928A-10F9-431D-B7D6-11C3EEFB7FF2},266,3,1200,2,2,2,6
{130088DF-7AD9-4046-863F-E8A926F5236B},268,3,1200,2,2,2,6
{4F11EACF-EFA7-480C-BF39-398F0062D564},268,3,1200,2,2,2,6
{8C096A18-29B4-4FEF-BA0A-071D268CDF5B},268,3,1200,2,2,2,6
{91E2D44D-1697-406D-ACD8-3289FF67FD0C},268,3,1200,2,2,2,6
{852621C9-AD66-45F8-BD55-A776D9A0690A},269,3,1200,2,2,2,6
{5AB6FA33-C9AD-45F7-96D8-C668C7396171},270,3,1200,2,2,2,6
{E6DF0AB2-214A-487C-83B1-15D7C96A4841},270,3,1200,2,2,2,6
{FDF82849-DB77-40AB-AAF8-A0D1472616F8},272,3,1200,2,2,2,6
{66D8AFB8-32C9-4757-874B-234065503009},296,3,1200,2,2,2,6
{4FB45C5B-A49E-4611-9E6D-8F164EACD730},297,3,1200,2,2,2,6
{1DBC1182-6BD8-44D2-8624-C6220FCBA2D9},299,3,1200,2,2,2,6
{296144D1-B731-4280-8345-EFFDE884FC51},299,3,1200,2,2,2,6
{845F68BF-075F-40B6-99A2-8FC32D0C04AA},299,3,1200,2,2,2,6
{859C7DF3-C213-42AB-8821-2F630DE0A0FA},299,3,1200,2,2,2,6
{46F61634-CFBA-4990-A3CB-796007049F19},304,3,1200,2,2,2,6
{15B613C1-2D8A-4E82-88BA-B9760ED4FF47},321,3,1200,2,2,2,6
{28CAF459-824B-486C-8CE1-C488A9AF522F},329,3,1200,2,2,2,6
{636D3624-FD6E-4F6F-BD5B-CEBE19243ECF},329,3,1200,2,2,2,6
{ED38973F-E146-41DA-9BA9-F5CFB3A22F8C},329,3,1200,2,2,2,6
{FE2E283F-44F3-40E0-A834-6CF27225324F},329,3,1200,2,2,2,6
{C86473C0-6153-4810-AF96-960AC0DC9527},340,3,1200,2,2,2,6
{5D05AB53-BECB-4AE3-B86B-74A91730C768},346,3,1200,2,2,2,6
{8192FC6A-C471-4D31-8544-5AC2A52375B7},352,3,1200,2,2,2,6
{ACE26758-9FBF-4416-ADD1-B70CC0842050},353,3,1200,2,2,2,6
{26B37531-DA55-4BFB-B188-054F3FE73F19},358,3,1200,2,2,2,6
{1511F838-9910-494F-8B15-9527FCC5CC2C},360,3,1200,2,2,2,6
{DA87DA93-2B4C-402B-8CB8-1453F0A6B2BE},361,3,1200,2,2,2,6
{F0476F0B-C8E7-4213-8B04-F0C535CCDF1E},370,3,1200,2,2,2,6
{4439B04E-4FCC-4275-A726-FD4A2197011E},376,3,1200,2,2,2,6
{5C75CCA1-C6EE-4461-89DA-1BD0D30F040F},376,3,1200,2,2,2,6
{2E02B476-E172-4F16-AA49-16C0D77DAC51},378,3,1200,2,2,2,6
{D7F57D12-4F98-4585-8290-43F74E0DE001},381,3,1200,2,2,2,6
{9E7C515F-AA43-424E-A1E5-67EEDD4CEB43},382,3,1200,2,2,2,6
{6D5AF162-E53B-4007-9925-B62572A944FE},383,3,1200,2,2,2,6
{EBEB57F7-4948-4E99-A81A-34AE72B24FAF},383,3,1200,2,2,2,6
{02C4F124-E88E-4E53-960F-3D236DAE50F7},389,3,1200,2,2,2,6
{7BBD709E-527F-4998-8A31-78A1ED09B6A1},389,3,1200,2,2,2,6
{290B734F-CFC1-4D05-B461-5F81473EB54A},390,3,1200,2,2,2,6
{702773BA-F7A5-4B1D-B816-4A4941B35AB0},393,3,1200,2,2,2,6
{612E80FD-F802-4B7C-8F07-2ED879643767},396,3,1200,2,2,2,6
{90DDFEEB-DE1F-4420-95B7-A269916F58A2},396,3,1200,2,2,2,6
{D59CE574-0102-4214-9701-12638310C9AD},396,3,1200,2,2,2,6
{DEF1238B-E854-4072-8B4E-B5EB3C89EE4E},396,3,1200,2,2,2,6
{7D5943F0-FC69-4911-AD6A-95E14681F5C3},403,3,1200,2,2,2,6
{3547506D-EF84-4BE0-BB62-724CC56507F0},149,2,800,2,2,2,6
{C22AB99F-E7F6-4CA4-BB40-40DC43E653F4},149,2,800,2,2,2,6
{4A411E72-6B58-446B-96CF-FF5D9BA965C1},155,2,800,2,2,2,6
{AF38EDE8-31BD-4E2E-BF30-AC9364F14627},167,2,800,2,2,2,6
{349FE776-5D4B-49A9-BA9A-4CC88066828A},176,2,800,2,2,2,6
{90B516EC-0264-47CA-A92A-12797EDE7DB7},177,2,800,2,2,2,6
{5FF69699-C57A-4348-988A-7405CDE64575},180,2,800,2,2,2,6
{D59D1985-B44B-4A09-9868-6A2FBA34ECDA},191,2,800,2,2,2,6
{C74CED0C-CC1E-48C1-924C-8769F7C102FB},227,2,800,2,2,2,6
{7A86AF5E-54FB-4CE0-BED4-80E48162CDB1},234,2,800,2,2,2,6
{0295A753-BAFD-4B01-B93D-0D3F8281FB90},238,2,800,2,2,2,6
{1E2D48DD-DCED-4F82-BE12-B1A1201B8A3F},238,2,800,2,2,2,6
{23ABBB36-06C1-4AA3-8216-9609A4263480},238,2,800,2,2,2,6
{27755F7E-61A9-45E7-9796-C93409E0942C},238,2,800,2,2,2,6
{278D754B-4CC8-49A7-999E-BBCC2B7E6D3C},238,2,800,2,2,2,6
{32663F25-2A7F-43D9-AE5F-D014715C54C0},238,2,800,2,2,2,6
{499B278E-C0C2-4054-A179-B60992FF22C4},238,2,800,2,2,2,6
{61E9A8AC-0654-4EA9-8C21-D9893AC9758E},238,2,800,2,2,2,6
{714DCBBC-0C6A-4C5D-9864-E132AD29687B},238,2,800,2,2,2,6
{76F085EC-B7BE-4198-A35D-4D4B1962F8C9},238,2,800,2,2,2,6
{8B12E2EA-1CAA-487A-94CA-745BFB4408C9},238,2,800,2,2,2,6
{9444BF81-E553-494E-9677-E7E1EB358A59},238,2,800,2,2,2,6
{B0F5F28E-B28D-4B8B-A631-62463CA0901C},238,2,800,2,2,2,6
{03540124-18B7-485A-ABF5-DD7304B9970A},239,2,800,2,2,2,6
{0F315A52-A3C6-4DB9-A61D-63E548061266},239,2,800,2,2,2,6
{58B9E929-8050-4AF0-82C6-64F71899248B},239,2,800,2,2,2,6
{6FA32288-5768-495F-80E7-58CAEAF593A6},239,2,800,2,2,2,6
{9CD0B34E-D749-4A0D-9535-E202E5EFDF05},239,2,800,2,2,2,6
{A43E4E39-E9E9-40A3-92D4-61986612E924},239,2,800,2,2,2,6
{BB76D49A-AE10-43C3-9271-351DAA83066C},239,2,800,2,2,2,6
{D766FD4F-745E-40FD-83F6-A97AE6F07D6C},239,2,800,2,2,2,6
{F7B948D7-DBD8-49C3-AE02-C2483FDFC736},239,2,800,2,2,2,6
{3FA9B12D-8309-4A62-B1C1-F1BF9E9B2971},242,2,800,2,2,2,6
{FDE000AE-D50E-4809-9F92-934395AAA0A1},243,2,800,2,2,2,6
{45C40C5D-1F4B-4A8C-92E0-2D73D58C47C9},405,3,1200,3,2,2,7
{1D7A5670-D382-4F7D-80EB-FBD26CE62F8B},419,3,1200,3,2,2,7
{B4173A62-066B-415C-A0B2-650E60BDC1F6},419,3,1200,3,2,2,7
{BBAC93DB-B75D-4E52-823E-9460C8BBB9DF},419,3,1200,3,2,2,7
{E1F69177-5375-42DB-9303-B5271C417DE3},419,3,1200,3,2,2,7
{5CEE1F03-504D-48DE-81C7-A52DEA75AAC1},421,3,1200,3,2,2,7
{7FA0AD03-0463-4F6E-B156-8ED7F347673B},421,3,1200,3,2,2,7
{BC661F21-CD32-4BB5-9859-43503F114331},422,3,1200,3,2,2,7
{841CCD24-7DDE-4C69-9F12-BA2AD7BC5B45},434,3,1200,3,2,2,7
{BD18D923-E5F1-4D47-AA57-5726B36F111C},436,3,1200,3,2,2,7
{D947553E-CE66-4C87-979E-5156E47BB791},439,3,1200,3,2,2,7
{109BB404-C024-4EBF-9616-8C11E2BC7CDF},441,3,1200,3,2,2,7
{48D778C3-218B-40DA-9663-E1884C052012},441,3,1200,3,2,2,7
{86582207-8E93-46C9-BC82-FAE632628BE0},441,3,1200,3,2,2,7
{DD1BA43E-E65E-4E3C-8E77-3448C4D0DC4C},442,3,1200,3,2,2,7
{3ED779C7-A41D-471C-B656-B400BD8334DA},443,3,1200,3,2,2,7
{F4620776-144B-4C69-AC59-30A054570D5E},443,3,1200,3,2,2,7
{0784C066-1888-45B5-BE5B-327E0C906759},444,3,1200,3,2,2,7
{5CF1DDC0-23B3-4C9C-B109-34C5C92CCF55},444,3,1200,3,2,2,7
{6B4394F3-4732-49EA-A10E-2F05ED2F3085},444,3,1200,3,2,2,7
{6FAC96C3-CA61-40DA-A4D6-04E3A8F3E988},444,3,1200,3,2,2,7
{79AA4835-DBAD-4453-8DD0-F285936F0F70},444,3,1200,3,2,2,7
{9F593C10-8249-4F70-91E6-F472D4866C68},444,3,1200,3,2,2,7
{1EE15AB4-C894-45BA-B92B-F248B5EB1534},450,3,1200,3,2,2,7
{223426A7-D99C-45C5-905C-5E7EB0F95677},450,3,1200,3,2,2,7
{4F21D542-23D5-49B3-AB5B-9D9F7487A08D},450,3,1200,3,2,2,7
{FA7C7068-B360-4F86-8C32-213B3BFAFA27},450,3,1200,3,2,2,7
{0D033AC2-C6B0-494E-A792-34CBE7758314},452,3,1200,3,2,2,7
{F73B9346-2083-412B-A0CE-AFC871900FF6},452,3,1200,3,2,2,7
{FDF09591-181E-4FC4-B50E-9A0CC685F154},452,3,1200,3,2,2,7
{189D8E76-4935-4A03-BDB8-FF18B3096F5B},453,3,1200,3,2,2,7
{D82460C6-2B1E-4BE7-BC13-204E8F006FA5},453,3,1200,3,2,2,7
{0E5E6FA6-6D55-48F0-915E-D5414D000ED9},459,3,1200,3,2,2,7
{E3F4D280-9A27-4524-AE6B-E27D935F5AAF},459,3,1200,3,2,2,7
{F46021CC-B4DC-42FA-BE59-CD60E45082AA},459,3,1200,3,2,2,7
{038F0ADD-3EDD-4B3D-AFB2-6B2F43A78246},460,3,1200,3,2,2,7
{F1B3A28B-DCD0-4396-8EA6-3A02D61C532F},465,3,1200,3,2,2,7
{50051FCE-54F4-4391-A0ED-0AC8FA4E5237},467,3,1200,3,2,2,7
{B7CF232D-3974-4E3B-8927-C80A899DE599},468,3,1200,3,2,2,7
{A091497E-3DB0-4F04-971C-5E2342D3F846},469,3,1200,3,2,2,7
{B26640A8-80C6-47A8-B507-BC7BD89A9F33},469,3,1200,3,2,2,7
{EB1FE20F-1048-4B81-BD1E-3D7A54DE7492},472,3,1200,3,2,2,7
{2719779D-A31A-4850-994F-73CDA6754709},474,3,1200,3,2,2,7
{4D581EA6-04C0-4012-A436-83A24F781633},479,3,1200,3,2,2,7
{3461C309-F86E-48D4-8257-40B94F4C57A2},482,3,1200,3,2,2,7
{3ADB54D5-450A-4891-8591-173A5E747C97},482,3,1200,3,2,2,7
{666D0442-6B5F-49C5-8A57-65DFAD30866F},482,3,1200,3,2,2,7
{7331C60A-4A31-4A70-AC66-3FC3DCC5836B},482,3,1200,3,2,2,7
{68693EDD-D20B-41AF-B63B-A6257ACAC48A},487,3,1200,3,2,2,7
{900C441B-4CDE-4D51-A347-0B725474C950},487,3,1200,3,2,2,7
{DD7A6F56-958E-402A-B3BA-892D26302313},487,3,1200,3,2,2,7
{4F6B967E-E734-4F3D-94AB-25604B35099F},488,3,1200,3,2,2,7
{F23F0A5F-E9F9-4FE6-8A6C-9E478212AA62},489,3,1200,4,2,2,8
{725A6E4C-0C92-4B30-9397-47101C2149FF},490,3,1200,4,2,2,8
{55FD590F-3C06-4272-9C89-06ECC00D76FC},493,3,1200,4,2,2,8
{29A6F6A4-18A8-479F-AA8F-936349CAB817},494,3,1200,4,2,2,8
{78AD642B-8A62-454A-9561-A5EC45F5B2C4},494,3,1200,4,2,2,8
{EEAF8072-424F-4422-8D38-89DE91FBA840},495,3,1200,4,2,2,8
{25937D73-BD74-4E05-A4FE-7562AF69E92B},496,3,1200,4,2,2,8
{8CC41275-DA4D-4F52-B4A3-860B8746AF2A},496,3,1200,4,2,2,8
{6491D331-F47C-42C7-A37F-EDDC85C1BC77},497,3,1200,4,2,2,8
{AAE76EFF-0C40-4875-ACA1-47858E553602},497,3,1200,4,2,2,8
{B03ABF61-3128-4C5A-9FDC-ED6BC1A02CBE},497,3,1200,4,2,2,8
{BD2F2947-DE86-4418-962B-D217B16CF639},497,3,1200,4,2,2,8
{ED2A5BEF-AE9E-4877-BE58-35E280865529},497,3,1200,4,2,2,8
{1817D04C-400B-46C2-A7A6-2FC92EFA9FBA},500,3,1200,4,2,2,8
{1836DF03-29F6-4C63-9091-2495F5F43BD9},500,3,1200,4,2,2,8
{3860BC18-4CE9-4016-85C6-FEFA33EF71FB},500,3,1200,4,2,2,8
{A14AFAA9-EBD1-462E-A58F-230520465110},500,3,1200,4,2,2,8
{C5D30B81-8466-46AB-8D3D-B0E91A53B718},500,3,1200,4,2,2,8
{257322D6-4D2D-457B-813C-6925511CE65B},501,3,1200,4,2,2,8
{AC7FDDAE-4B70-47B2-BEB7-2C60E3DF9C94},502,3,1200,4,2,2,8
{3F79577D-E956-48A8-80BC-D2CFED77FC71},503,3,1200,4,2,2,8
{ACF1D7BD-DC02-495D-81A1-BC027CDAC095},503,3,1200,4,2,2,8
{E32277EA-85BB-47FF-9D69-CE107EFD73C9},503,3,1200,4,2,2,8
{0CC6DC99-4C65-4230-A99D-A53B1198365D},504,3,1200,4,2,2,8
{47022406-1489-4B45-95E5-8DC86A147B8B},504,3,1200,4,2,2,8
{A847A296-803C-404A-B493-1920EFB2201D},504,3,1200,4,2,2,8
{EF66861F-CDB8-44AB-8790-CCE60FD63B48},504,3,1200,4,2,2,8
{9D6D0480-7670-4DF9-B0C1-A0950EE67D0E},512,3,1200,4,2,2,8
{F57C7DD7-8766-4BC2-ADCF-D25ABF815074},513,3,1200,4,2,2,8
{25CABF91-B986-4615-92A2-A24E4470F9E0},531,3,1200,4,2,2,8
{AD65836F-9A35-471F-8A77-A1E3763E97BD},541,3,1200,4,2,2,8
{0D8867E6-4088-4A87-A218-31574B61C50F},570,3,1200,4,2,2,8
{C58E7B82-5338-45BB-B459-EEE21AE80B17},570,3,1200,4,2,2,8
{9C9BB359-D4CA-493B-9FA3-292B3D9599E8},603,3,1200,4,2,2,8
{318BF84C-2C44-4861-8DDF-3C843B40057F},607,3,1200,4,2,2,8
{A6761EBC-3697-4499-96BD-DA9F6CA3277A},633,3,1200,4,2,2,8
{6AECF885-3950-41E0-A12D-1914FCEDEB85},664,3,1200,4,2,2,8
{2A622D9A-812C-4F68-BB42-A1175ECF8FFF},695,3,1200,4,2,2,8
{2DCC70A6-876C-4797-9D05-2E6177AB1F83},762,3,1200,4,2,2,8
{3A0DDF81-47D3-4BB6-995D-D8E43F90A089},777,3,1200,4,2,2,8
{CA0587B1-10BE-4A89-A940-46270FB530CA},823,3,1200,4,2,2,8
{40318CD5-E183-42E1-9990-5213AA62C17B},837,3,1200,4,2,2,8
{08716F4E-6F09-4CC2-9508-F5DD2EF04F82},250,2,800,2,3,3,8
{21AF75A1-7B9F-4B94-A8CA-5286F2024637},252,2,800,2,3,3,8
{0F48EDF3-8C04-4A26-BBCC-4495A8A1D8E3},265,2,800,2,3,3,8
{9F56DAF4-3690-4FC2-A8D1-09936D2DDE77},265,2,800,2,3,3,8
{165C2E6D-C05A-4F32-A898-60FEEBDB3280},268,2,800,2,3,3,8
{3B16B2D6-9356-48C0-9795-C0A4826B2D16},268,2,800,2,3,3,8
{47F7F3E4-21CC-4C24-90A1-0644DB321548},268,2,800,2,3,3,8
{59A1C811-D32B-4D55-B336-5AAE45219ED5},268,2,800,2,3,3,8
{5A34A397-5224-4C49-B10F-3950AF8BBCBD},268,2,800,2,3,3,8
{6BDF0A5C-5263-49EA-9C6F-A8943EBE3FE6},268,2,800,2,3,3,8
{8D51A1B9-6AAF-4865-AC5A-3228F1DBA4E7},268,2,800,2,3,3,8
{8E6D1FCA-C486-4240-BE27-29A0013E3926},268,2,800,2,3,3,8
{8F1CA4C3-8031-40F5-BC33-628E0988B981},268,2,800,2,3,3,8
{949B98B1-71C2-4C6B-BC30-813EC241119E},268,2,800,2,3,3,8
{A4F7D83A-A779-4BCA-BF13-32A444BBD9C8},268,2,800,2,3,3,8
{ACD87DCA-CCD0-4A76-A7D9-1DFF598280A7},268,2,800,2,3,3,8
{BEC6AB47-27D4-46C2-8B8F-DB271D699B3E},268,2,800,2,3,3,8
{C0735DB1-64E8-44B0-8709-E634DE835937},268,2,800,2,3,3,8
{C98B4F8C-C137-4A9D-885C-2FD8F6EF65AE},268,2,800,2,3,3,8
{CF7DE97C-71E7-4D64-B204-081C2CDCE435},268,2,800,2,3,3,8
{CFEDD1CE-D5D0-45DC-BC65-6EC0E0C2AB51},268,2,800,2,3,3,8
{DA4EFDEA-13EB-4CF6-8A22-AD93B2C10D20},268,2,800,2,3,3,8
{E2084C03-333A-4603-B3DA-46FEE513278D},268,2,800,2,3,3,8
{E420F6D9-DE7C-4634-B934-44B0CE094247},268,2,800,2,3,3,8
{ED49B6E1-B7A4-4D38-8B05-34DE5C8FE7B4},268,2,800,2,3,3,8
{FB25C3BA-EDA8-4AA6-B83F-CEFCC26A9C02},268,2,800,2,3,3,8
{0607E158-6E62-4F2C-A4C3-ED721636C267},269,2,800,2,3,3,8
{41EF4328-14DF-493C-A4C2-E42B40C7502E},269,2,800,2,3,3,8
{661FC1F9-51E4-4C54-B569-831AB43C2AA8},269,2,800,2,3,3,8
{876C3606-5C32-4302-9018-28FBAA6FF8CF},269,2,800,2,3,3,8
{19B26784-6DA7-49BE-AFBD-3D93F0337A85},270,2,800,2,3,3,8
{204A1283-CC58-4078-ADC8-AD7090E74EDC},270,2,800,2,3,3,8
{25320730-CE42-46A0-AEC3-27CDBFCC0558},270,2,800,2,3,3,8
{2F7B71B0-C865-41C4-83AC-13B66B3E92B2},270,2,800,2,3,3,8
{44D6469C-F88B-44BE-904D-7656E800559B},270,2,800,2,3,3,8
{50932012-0CB0-4852-A2E5-04F1D00DD86C},270,2,800,2,3,3,8
{54F4AEB8-35F7-4FA5-8A79-4E968C9421E2},270,2,800,2,3,3,8
{561E6A0F-3E9C-432B-BC74-D31471ABBD97},270,2,800,2,3,3,8
{7CF04F87-C094-43C7-A9A7-220FB648478F},270,2,800,2,3,3,8
{7EC1E477-AE01-4714-BBB5-7277D0FE3250},270,2,800,2,3,3,8
{867AA29C-EF93-46EC-BC03-9A3FA09F29D0},270,2,800,2,3,3,8
{A91D0F45-F305-4C02-87CC-300A9081FBDF},270,2,800,2,3,3,8
{AC18F03A-D9D9-4DD6-818D-0FCEFF035A1C},270,2,800,2,3,3,8
{CDBC3E95-68D3-4A70-9B12-4E174F203C89},270,2,800,2,3,3,8
{E3F66B4E-5FC2-46B2-BD98-20F478F2B0BF},270,2,800,2,3,3,8
{F528059B-86B5-46AA-A6DF-74D6A7E32E47},270,2,800,2,3,3,8
{B16FB3F4-FF71-4BCB-891B-AEA025646482},276,2,800,2,3,3,8
{F4A9EC51-F512-406F-9411-F99A79BEAC9C},276,2,800,2,3,3,8
{453EE8FA-8D82-4387-BED8-C9FAC7C64B21},284,2,800,2,3,3,8
{EBA7F86D-07D8-4308-A016-5615AD6DF938},296,2,800,2,3,3,8
{7413886F-7DF3-4D39-A05E-4533A4EDB50F},298,2,800,2,3,3,8
{0611E270-B642-4087-8B3F-E9B9E373AAC2},299,2,800,2,3,3,8
{0CFB23F3-9C25-4B2C-B2BD-6B37AD5B17DB},299,2,800,2,3,3,8
{4796C942-2EE6-475D-9E4D-9FCD6B4D32AB},299,2,800,2,3,3,8
{6863524F-C2A2-44ED-B986-CEE596ACE26B},299,2,800,2,3,3,8
{79B131A4-203B-4760-9C44-AD14DEB0B0A6},299,2,800,2,3,3,8
{9F3B2DEE-4CC0-4C2A-95C3-A20642C113D6},299,2,800,2,3,3,8
{A2586551-9023-411A-9386-6377839BB0C8},299,2,800,2,3,3,8
{C2166450-7E95-403D-A817-9BD18E03A4F0},299,2,800,2,3,3,8
{DC872FB3-AEFC-4162-A760-231988C8E42E},299,2,800,2,3,3,8
{E5B0CB3F-6D05-4BC4-BB03-199697D8B1FC},299,2,800,2,3,3,8
{E5BEAB68-771A-4508-9BA6-D2908AE3338D},299,2,800,2,3,3,8
{EA5C2071-0011-4384-B47B-659A19962ED2},299,2,800,2,3,3,8
{F000166B-51F1-476C-8E6B-D5AFBC48A679},299,2,800,2,3,3,8
{F08CEA27-BFF1-4C26-A1EB-4465A69B6B23},299,2,800,2,3,3,8
{FDE39168-0919-41A1-8F76-01C2CE1E9AFC},299,2,800,2,3,3,8
{814F9BB3-3A54-4DD7-AA44-363E976E827B},300,2,800,2,3,3,8
{31FF2C4D-EE6F-411D-AAAB-0DD399A33193},301,2,800,2,3,3,8
{77F38416-AC68-427F-9E9E-B49CE716A1FF},301,2,800,2,3,3,8
{834D9CE2-14D1-4ABD-9C5D-24974D145E9D},301,2,800,2,3,3,8
{C7ACA693-F98D-4087-BCF9-7FC4CC05280A},301,2,800,2,3,3,8
{D1125702-0AE1-4800-B7F9-DA777A0A6CEB},301,2,800,2,3,3,8
{95F114F0-6B33-4F08-9039-742BF15F223B},302,2,800,2,3,3,8
{79A6E8B9-F8E0-4596-AEC0-116E099C0752},303,2,800,2,3,3,8
{40C52E2F-F229-44C5-8D2A-E0CA4A55CD0C},304,2,800,2,3,3,8
{ADEB01F7-F58E-4E7A-B3BB-3320488B5F2C},304,2,800,2,3,3,8
{5C6E3BDB-B858-4707-B67A-2E2B18CF8D6C},312,2,800,2,3,3,8
{19714F29-5500-4B64-8BA1-343763CA4754},323,2,800,2,3,3,8
{4E13A2E2-1A86-47E1-B2FD-7456DBD008D6},326,2,800,2,3,3,8
{EBA0F922-31C7-4E0E-A11A-901ED355A39D},326,2,800,2,3,3,8
{22AB1668-C9DD-4C65-97B3-4649AECEA77D},329,2,800,2,3,3,8
{2CCAE906-1FD7-412B-8870-9EA352E6F00F},329,2,800,2,3,3,8
{45EDA321-6175-49D2-9181-CC6B9B50D75D},329,2,800,2,3,3,8
{4B862397-476B-4759-A622-A5227FAC0996},329,2,800,2,3,3,8
{76EF1B21-801F-42C0-B5A3-6C0611496741},329,2,800,2,3,3,8
{773A9916-D465-4005-A560-D989DA71336A},329,2,800,2,3,3,8
{906A2C75-28C1-4DFE-B04B-F1607EBA32F0},329,2,800,2,3,3,8
{A134ACD1-B743-47CE-BB2E-C50AA4DEBAAC},329,2,800,2,3,3,8
{A2D79681-9639-411C-AF88-97BD0FAD479D},329,2,800,2,3,3,8
{B1F37705-6876-48BD-AECD-C3CDE8A72703},329,2,800,2,3,3,8
{B63F0FF4-1F15-450F-9A29-4B12A0E29423},329,2,800,2,3,3,8
{C8D5CC31-4F90-4357-9E7B-AD006B952195},329,2,800,2,3,3,8
{D9DED1DE-F024-4947-9242-F850529ADFE8},329,2,800,2,3,3,8
{0CE3A963-BFE2-4929-A260-44E0F97CADD2},331,2,800,2,3,3,8
{0E214E4F-CAC0-4DBE-B34D-E8780F39A5A2},331,2,800,2,3,3,8
{95B0945D-797A-4EED-A9B8-5F99BEDBBFDD},331,2,800,2,3,3,8
{B679A2D7-592E-4ADD-8522-FD3FBFE7316B},331,2,800,2,3,3,8
{D4E397BF-AF3A-405D-94D1-52E2A899940B},331,2,800,2,3,3,8
{E3DA1B1D-65DB-4AF2-8990-3E295FD84CED},331,2,800,2,3,3,8
{F53A105F-FF33-44FE-AA4A-BDA85CEBC7FA},357,2,800,2,3,3,8
{CA4869C2-02CE-40A0-A031-CB90AAB0AD62},358,2,800,2,3,3,8
{128D8C78-42A4-45D7-B0EF-87E63F199D40},359,2,800,2,3,3,8
{245D287E-B439-432E-B531-6D6DEFAD7261},360,2,800,2,3,3,8
{EE0628EB-D58C-49E4-89B4-4362E8458353},360,2,800,2,3,3,8
{0C7A1193-22CA-41A3-ABEC-01230DB46BFD},361,2,800,2,3,3,8
{18E817E7-9B51-48AC-81F0-DAC5E9BFFF68},361,2,800,2,3,3,8
{239155FA-141A-417D-8E80-7F3DE850CD8E},361,2,800,2,3,3,8
{2BCA4FE5-F8D1-494D-B243-3075E473E026},361,2,800,2,3,3,8
{49EAF4A9-AABA-4097-A837-DC9B2F599C57},361,2,800,2,3,3,8
{4B2A04CE-A085-4126-8F22-B6D0FBFB3DDB},361,2,800,2,3,3,8
{77FD308B-2520-4012-8B42-A76087281B66},361,2,800,2,3,3,8
{9534FBA1-4E73-4E51-BE02-02321FAE5FA4},361,2,800,2,3,3,8
{A9DEEF53-D4BE-4BFB-A56B-E5249849F4AF},361,2,800,2,3,3,8
{B9ABE831-F497-4027-81AB-10099E0AF13A},361,2,800,2,3,3,8
{690EB623-A577-41FA-A28C-0C7E956F5669},362,2,800,2,3,3,8
{94B067C5-423C-4A23-B9A6-B944E41749EF},362,2,800,2,3,3,8
{B8254346-DE51-476F-B552-A2BF98F5BCDD},362,2,800,2,3,3,8
{CE89DDF6-E181-4078-A38D-6D9A3876CEDC},362,2,800,2,3,3,8
{A3C10EBE-9799-497C-91CC-98B4652BCA2B},367,2,800,2,3,3,8
{6548F00D-2ADB-48A1-A90B-2E9068B06826},369,2,800,2,3,3,8
{D76B2353-8EBD-4719-B375-2108E2B8C622},369,2,800,2,3,3,8
{F452A372-784C-4285-BB6E-EA8893C48EAA},378,2,800,2,3,3,8
{8BE47148-DF83-48DC-9D3B-01527A924CC0},382,2,800,2,3,3,8
{56EA421F-7207-4425-B9D5-CDC264ED3FD9},383,2,800,2,3,3,8
{B671B6DD-6E6C-4AB7-97AD-E6CEC4DF528D},383,2,800,2,3,3,8
{BE6FAAE9-C640-4DC9-B085-75536B884069},383,2,800,2,3,3,8
{E3394FE6-4303-41EE-A2D5-0C0644A70DD9},383,2,800,2,3,3,8
{CF259542-8173-45ED-AC84-DF4E382C96B7},391,2,800,2,3,3,8
{1D4B0796-F4C4-4676-8574-1519F1441548},392,2,800,2,3,3,8
{5B4E0008-0FBA-4891-90F5-E5E6E581B94F},392,2,800,2,3,3,8
{BC62F51B-1425-4D35-9375-38E0ABA101FD},392,2,800,2,3,3,8
{D7EFA53D-72C2-4682-BDF5-A9A3E9C29BD5},392,2,800,2,3,3,8
{E52A7927-1AA0-4F5A-95B0-4616AA71DEA5},392,2,800,2,3,3,8
{F10962DF-98C2-4E07-B193-73E08B0445ED},392,2,800,2,3,3,8
{73BCB418-F4E5-4FEA-9EFE-E8534D6F6FDE},397,2,800,2,3,3,8
{7CE28723-4232-435A-AEE3-F2B2478F122A},399,2,800,2,3,3,8
{DEE35BCB-EFE9-4946-93AA-AD7891EB7878},401,2,800,2,3,3,8
{0EEDB981-8DD3-406A-8C38-8FB04DE84C58},402,2,800,2,3,3,8
{12DDDE2E-8D02-435C-AD42-2069E58B28D9},402,2,800,2,3,3,8
{16322F7B-1F1C-4A11-8B60-9BD67A33D4C1},405,2,800,2,3,3,8
{31A46EED-2FA2-40C9-84DF-43FC6065E26C},405,2,800,2,3,3,8
{3EF071E2-FDA3-4514-9999-A41E6E7A133D},407,2,800,3,3,3,9
{F0C2C877-A071-4AE4-834B-0BD2086C2017},409,2,800,3,3,3,9
{A9B6B863-4487-47FF-98D1-252618C86CE9},410,2,800,3,3,3,9
{AD657BB6-DE38-4AFF-80BB-2B058E658ED3},412,2,800,3,3,3,9
{3EF8E3C0-8A85-4890-8DC6-1C6AE0A8ED65},416,2,800,3,3,3,9
{6CF3960E-B1DC-4667-80B0-2C523839D7EF},419,2,800,3,3,3,9
{DFCAAF6A-922C-4BDB-BC47-5F8A6C2C5C5D},419,2,800,3,3,3,9
{1A4675E7-C3D9-45DC-98CA-4C201312E78F},421,2,800,3,3,3,9
{1E8D1D19-E85B-43C3-836B-BB230AC3E397},421,2,800,3,3,3,9
{1F664D9D-454D-4F5A-BB95-632A9022B245},421,2,800,3,3,3,9
{387A1DBE-0343-412E-81C5-82F31AFBACFC},421,2,800,3,3,3,9
{3E2DF2C7-ACEC-45BB-BFB1-3ACC38181680},421,2,800,3,3,3,9
{55FE9B84-05FE-4E52-BA88-9AB0AF92C87C},421,2,800,3,3,3,9
{6796D0F0-79A0-4A1A-A4F5-98644C0D8E57},421,2,800,3,3,3,9
{6A4004B8-2139-4F3D-AF8D-D42302A92EB4},421,2,800,3,3,3,9
{70CC6A49-31AF-4FAE-803B-9F52F808610B},421,2,800,3,3,3,9
{9395C25B-FF74-4062-9043-2C0D2F620847},421,2,800,3,3,3,9
{B6BAE6EF-33F6-4E92-A51C-9FC7E5B3194D},421,2,800,3,3,3,9
{C05E33F9-7075-4CD1-B21D-C767ABEB1E6D},421,2,800,3,3,3,9
{C9FDC8AD-5E11-4F49-8A0E-663558778455},421,2,800,3,3,3,9
{CB55CC7E-1744-4FF6-B13C-AB57C402D380},421,2,800,3,3,3,9
{25CDACA8-9B35-4E95-B7D9-69EFC33214F6},422,2,800,3,3,3,9
{2D576628-D4D1-484E-BF7D-41E09C207E81},422,2,800,3,3,3,9
{41CFC651-BC2D-47B1-81D3-10C331B390A4},422,2,800,3,3,3,9
{4B1F0AB9-1357-49EA-B9AC-AE7C9BE57D4C},422,2,800,3,3,3,9
{8E68F661-1B0E-4AF2-9799-7F9793D91183},422,2,800,3,3,3,9
{C5CF5633-7FFF-41C3-82E2-DFAEAE32F29B},422,2,800,3,3,3,9
{C7BB4749-3A7C-42B9-B15B-2638516E3B42},422,2,800,3,3,3,9
{A2375E02-F5D9-482B-A6C4-0B058B17418E},424,2,800,3,3,3,9
{AF1E11F5-6FB1-4FB8-B46D-D590DDFA1210},433,2,800,3,3,3,9
{D10A4C97-9138-493F-9C59-C0477BB650DC},433,2,800,3,3,3,9
{0299CBA2-2AE0-42DD-BCF9-7BD3FF61A783},434,2,800,3,3,3,9
{873AB20A-7E79-4036-8556-C9E47015038B},434,2,800,3,3,3,9
{BEF033E3-3011-4B68-9814-C4370FC1022B},437,2,800,3,3,3,9
{3B736972-106B-40B7-B70C-E15EFFA4EEAC},439,2,800,3,3,3,9
{77A8B795-9EE8-40FE-A7EC-A0CA62587B9B},439,2,800,3,3,3,9
{1ECFE182-6313-4277-8D7C-337BEAB0E358},440,2,800,3,3,3,9
{2027D372-0C28-48C5-80C0-3EDEB9D568E6},440,2,800,3,3,3,9
{83B90E58-6E31-47F4-A75E-AA0CEAFBDFFB},440,2,800,3,3,3,9
{C8E46198-9685-4D82-83E0-F5EDF3F6371E},440,2,800,3,3,3,9
{D2828E9F-D74C-4038-9E4E-D548FD8053F7},440,2,800,3,3,3,9
{E2369F53-C509-4A3F-A30B-441CD7939032},440,2,800,3,3,3,9
{EEC0628F-2181-4C4C-B70A-01C06B1475C5},440,2,800,3,3,3,9
{EFE70B91-FB0B-4991-A9B6-F0B35DE40C98},440,2,800,3,3,3,9
{1A5C8AB9-A196-4C82-8851-EDA0C011BE9D},441,2,800,3,3,3,9
{21478B24-4CDE-44C6-AB77-81D8D8FAD4F6},441,2,800,3,3,3,9
{37123CCD-76BA-4532-A1A1-213EADB4F342},441,2,800,3,3,3,9
{4A8EFC12-CBF8-4FDA-BD39-2291FF5698AF},441,2,800,3,3,3,9
{5365E517-2039-47EC-9C75-785BA352457B},441,2,800,3,3,3,9
{90D203B2-4B55-4E31-864B-12C38D94B6A0},441,2,800,3,3,3,9
{9C4DFE64-7228-4B10-BCF2-5B5A5AE5C199},441,2,800,3,3,3,9
{D11BF6D5-29FC-4588-A45B-1B2F1F99725B},441,2,800,3,3,3,9
{D176AF26-14C6-4303-9EC6-00879DA7BF88},441,2,800,3,3,3,9
{D9757614-9118-4E5E-BE4C-7F0E6CC19040},441,2,800,3,3,3,9
{E5EB9983-096F-4B51-8D17-9AE4F4C01517},441,2,800,3,3,3,9
{F35B469A-6C75-40C7-B78C-CF4F7BC0790B},441,2,800,3,3,3,9
{0E1DB5AB-6777-4650-B671-F617BEE7B491},442,2,800,3,3,3,9
{0F490F50-886D-4787-BB15-64856C94193A},442,2,800,3,3,3,9
{1A25D9AC-E794-4AA8-AFE4-0B9E9A8EC49C},442,2,800,3,3,3,9
{1B7CBBE8-6541-4EE5-96CC-FE27FCC251B7},442,2,800,3,3,3,9
{3C61CEC0-277C-46BA-AEC1-B1E91F02BA5F},442,2,800,3,3,3,9
{3DC3A0E3-8040-4626-BD41-FBD71BEA80DC},442,2,800,3,3,3,9
{533E4B64-926B-4A12-A11A-4AE0620D9654},442,2,800,3,3,3,9
{57888C34-A789-4509-9F29-3FF04F88D3B5},442,2,800,3,3,3,9
{71610F7C-7FC6-45BE-B1E0-A537414E1E8A},442,2,800,3,3,3,9
{ACB0F1D0-915E-4375-960C-F81D2AC5A414},442,2,800,3,3,3,9
{C249D99E-8BBB-4719-9507-58EC8BF4C15C},442,2,800,3,3,3,9
{D743DB48-D523-409D-A301-4A26327276C9},442,2,800,3,3,3,9
{E85117ED-01B4-491E-BC99-11494972A4FA},442,2,800,3,3,3,9
{159BE6A9-4707-4CFE-B369-7D3A83E6E41F},443,2,800,3,3,3,9
{660FAAE3-4BF3-4E3B-A7AF-752DF0B7CF73},443,2,800,3,3,3,9
{6D99C2D6-E9C6-4BE4-B005-738FA46CF143},443,2,800,3,3,3,9
{86ADE73F-73E0-4068-B9D1-F9A8893D9957},443,2,800,3,3,3,9
{984D4712-5CEB-4759-B175-AFA726A70FD8},443,2,800,3,3,3,9
{A602CA25-2E59-415A-B065-B496F66BDBE1},443,2,800,3,3,3,9
{A95689D9-0362-44AE-857C-0FFAF59B0FFB},443,2,800,3,3,3,9
{C4DB8E2C-BF1F-4A82-9EEC-D9B7BBEE5DF5},443,2,800,3,3,3,9
{DC3F0AE6-AE20-4F70-A077-75C9853E945C},443,2,800,3,3,3,9
{E1A35E88-78AA-4698-9262-DAC563E184A3},443,2,800,3,3,3,9
{F0D49F5D-E0BE-41FE-A262-274FF6558617},443,2,800,3,3,3,9
{F403D485-F6EA-4F3F-9C36-2A41A7B557E7},443,2,800,3,3,3,9
{129A8BF4-736F-4259-80F2-08215F8E11AD},444,2,800,3,3,3,9
{399FDF18-087D-4553-8155-1EEC9A244D90},444,2,800,3,3,3,9
{401EA638-7E38-4994-A0CD-8A8AC3AFE413},444,2,800,3,3,3,9
{408DBCB3-E22B-4378-8FD1-D57E00C8A12A},444,2,800,3,3,3,9
{488FE4ED-38A1-4D7E-AAD4-67E03B50F8EF},444,2,800,3,3,3,9
{5886C4E6-5B5D-4DA2-AAFE-218357414394},444,2,800,3,3,3,9
{5D1A4A85-536E-4EBF-8A66-234E4E75D43C},444,2,800,3,3,3,9
{6AC10471-6AF4-4A1E-98EF-F69689A9708C},444,2,800,3,3,3,9
{6FCFB83C-1347-4031-BEA8-2907362E8B30},444,2,800,3,3,3,9
{7CFE5E82-DD74-47E9-8CD9-3FB4E32C64EC},444,2,800,3,3,3,9
{7EACF535-365A-4B9E-9F9F-CE62BBAA84A5},444,2,800,3,3,3,9
{832D508A-8520-46A9-95EF-38C2CC475FC6},444,2,800,3,3,3,9
{949E31FE-B3B7-4245-8ADA-18A73103B627},444,2,800,3,3,3,9
{9A1E3356-5559-4F2F-B452-4C7584B6918A},444,2,800,3,3,3,9
{9E54EF29-B740-45C5-9017-5E1EC4707570},444,2,800,3,3,3,9
{A6AD73B5-E210-492F-AF90-0623A5D2D247},444,2,800,3,3,3,9
{BBBCAABF-CA0D-4012-A24E-6E5F6BC90BAB},444,2,800,3,3,3,9
{D0D3BE23-D5C0-4A5B-B563-EBF27E7320E0},444,2,800,3,3,3,9
{D4CCE7FC-C88A-48A9-BD91-46AC4CCE1BE7},444,2,800,3,3,3,9
{E4F964CB-F72C-47F0-A76E-4A7EB038CD4D},444,2,800,3,3,3,9
{E61455BE-6418-4EF8-BE37-873C96A9948D},444,2,800,3,3,3,9
{E667A12E-8219-405C-AC45-2311FBFA9C4B},444,2,800,3,3,3,9
{F271A5C3-71A5-4077-B48A-9CB31E1FAE69},444,2,800,3,3,3,9
{F929E863-6BDE-46A2-A5DA-D07DEA122B21},444,2,800,3,3,3,9
{FEDDCB45-5689-4758-8609-A5B8B1D72692},444,2,800,3,3,3,9
{7C2B118D-4813-402F-B54D-78A5A6E6ADE1},450,2,800,3,3,3,9
{0771F43B-3717-4228-B2C5-0E9DACB3F253},452,2,800,3,3,3,9
{15C5100B-A726-4DAE-A2AF-CCC68470D449},452,2,800,3,3,3,9
{22035EED-7571-4B3E-B633-BCEF33A87080},452,2,800,3,3,3,9
{39082742-5BD6-4B8A-B953-3DB09F90973B},452,2,800,3,3,3,9
{3EAEA482-0317-46A0-885B-90071422935C},452,2,800,3,3,3,9
{4CF009E7-8501-456E-A05D-1922425E668B},452,2,800,3,3,3,9
{4F6E6D11-8732-4891-9EBD-2A6B6F274965},452,2,800,3,3,3,9
{53EBEC53-8773-44A1-8A59-D468E3B20933},452,2,800,3,3,3,9
{5416F897-4C1A-463C-9260-C4CDEDDE138B},452,2,800,3,3,3,9
{55CCBB86-63B3-43F6-8EEF-0B15CFCA41E2},452,2,800,3,3,3,9
{82E70B82-1035-4A86-92D3-0E05D9B38FA5},452,2,800,3,3,3,9
{BCE3629E-6392-4655-8255-B8C66AADAFA4},452,2,800,3,3,3,9
{D96087CE-6315-447B-97CF-66A75BE8CFBC},452,2,800,3,3,3,9
{F577C71C-E663-4B1C-AA81-162F0C1662DB},452,2,800,3,3,3,9
{1F778E5C-56F0-4D15-B588-A6CF06FB9D24},453,2,800,3,3,3,9
{31797178-437C-42EA-89A8-4537E5CC0DDD},453,2,800,3,3,3,9
{32D70F17-6267-4452-9575-1BF4255820A8},453,2,800,3,3,3,9
{4EF37D74-F3E7-4F8F-A8BB-E006771B63BF},453,2,800,3,3,3,9
{59BC983A-B825-434C-8088-5EB214E4C7FB},453,2,800,3,3,3,9
{9BAAA99A-5692-4A92-9FF1-B9D38EBDABAA},453,2,800,3,3,3,9
{B6501991-1BE9-4C3E-A6EA-F6DA999B83B2},453,2,800,3,3,3,9
{C687F13B-28C2-4244-B495-85413812F110},453,2,800,3,3,3,9
{D0D9E94E-44AF-4ED4-88D6-022B49B50345},453,2,800,3,3,3,9
{EAD97641-4C09-4214-9E00-5AFCD0791297},453,2,800,3,3,3,9
{EB515366-82C1-433A-967D-C67BD3D86A0D},453,2,800,3,3,3,9
{903C74DC-4CA7-487B-8270-F4177CD0A911},457,2,800,3,3,3,9
{C5384289-4045-46E8-A51F-E05D75405F99},457,2,800,3,3,3,9
{01565645-5146-49A7-A57D-5BDC60D71937},458,2,800,3,3,3,9
{253A5B12-1F8C-486B-AFB6-200F3D15CEF7},458,2,800,3,3,3,9
{3E6B9C38-B031-4E85-BEF1-5C5C4ADAF001},458,2,800,3,3,3,9
{4F9F0CDA-8986-472D-A476-3041AAF124F3},458,2,800,3,3,3,9
{4FE348BA-EED8-43B5-AF70-52381864D382},458,2,800,3,3,3,9
{55B09DF5-2B01-454B-8E96-0AFD0BB728A4},458,2,800,3,3,3,9
{65BC5544-BAD1-47E7-9C4D-920993CB5370},458,2,800,3,3,3,9
{664D6796-2540-4F61-9E7D-10B13B3827AA},458,2,800,3,3,3,9
{6B6F715F-1C22-4034-AD71-8A8CDEA250C8},458,2,800,3,3,3,9
{72361849-22BE-4016-A926-3BAB40D17257},458,2,800,3,3,3,9
{72D14CD7-C953-4625-AA21-2F3392352F5C},458,2,800,3,3,3,9
{7A530DD1-32D5-4385-AE8B-5157F1C63487},458,2,800,3,3,3,9
{7D234AA2-560B-4A5C-887F-76258A363755},458,2,800,3,3,3,9
{94F3461F-3B2B-4220-85F1-7460DAA5E21D},458,2,800,3,3,3,9
{9A94B7BC-25DE-44E0-9F92-17C453EF5D08},458,2,800,3,3,3,9
{AF23310F-FC31-47FB-802A-0157AAF23FEF},458,2,800,3,3,3,9
{B13C243C-A5AC-4BB7-B6B5-017787D0899D},458,2,800,3,3,3,9
{B4B8D985-6450-42E0-9639-A24BC824593F},458,2,800,3,3,3,9
{B83149C0-EBFD-4B73-AABF-A5FB1C0E2A62},458,2,800,3,3,3,9
{BA4DF559-E25B-48D4-9574-20DA40E16E6F},458,2,800,3,3,3,9
{BCAD2015-8298-45A0-8DA1-54D2848C70AC},458,2,800,3,3,3,9
{CA81F908-63EB-4600-91CE-43D93FC4EB54},458,2,800,3,3,3,9
{D9B836AB-7F63-4E52-98A8-DC9324EE95F6},458,2,800,3,3,3,9
{E271CFA5-60B1-4871-869C-7CF15041DD46},458,2,800,3,3,3,9
{E6873929-78D4-4E29-831A-E3BD5D982717},458,2,800,3,3,3,9
{F65F5005-5C4F-4188-903E-F1E9A3E45806},458,2,800,3,3,3,9
{0A6D78F0-3E59-4364-B7BB-3E0D92470BDD},459,2,800,3,3,3,9
{13289588-FA17-4CA5-A7D4-2D2344DD8A14},459,2,800,3,3,3,9
{333F1F1E-2623-49D0-A445-F6C919F64E30},459,2,800,3,3,3,9
{37640344-59AE-4141-8007-1F2EA9B92417},459,2,800,3,3,3,9
{459C823A-5909-4660-94D3-3DA29428F1C3},459,2,800,3,3,3,9
{693D2B26-F729-452C-BF61-1BC4D375EF72},459,2,800,3,3,3,9
{74338E15-C50D-430B-87C1-1AFFB8AB46A7},459,2,800,3,3,3,9
{77A77B32-EEBC-4590-BA44-E7B3FCE1EC7B},459,2,800,3,3,3,9
{87BB95F0-76B0-4347-80D3-038A883B0DE6},459,2,800,3,3,3,9
{87C0323C-4C5F-452E-95AB-E86768E702A8},459,2,800,3,3,3,9
{9ABF7F46-FB18-449A-B9DC-FA04F5165D05},459,2,800,3,3,3,9
{9BF9929A-D36A-47B2-9286-E9B4C45A03FD},459,2,800,3,3,3,9
{9CDB3E1E-A2DF-41F0-8CEF-4C5473170651},459,2,800,3,3,3,9
{B34EAD37-1062-4B6A-88AC-52F6D60D0C3D},459,2,800,3,3,3,9
{C1ACA165-E56D-44C1-A0FE-1A85DB651F47},459,2,800,3,3,3,9
{FB91AEC5-7A8B-408C-9DBB-793A27DC377E},459,2,800,3,3,3,9
{2D3BC0A0-49A1-400D-A360-3E0CBBB7147F},460,2,800,3,3,3,9
{7216A8E6-1687-4F21-972C-F0C9FE29A671},460,2,800,3,3,3,9
{A4D790F9-AFD8-4EBA-8EAD-38C606AFEBA5},460,2,800,3,3,3,9
{B0F6D532-4571-4651-A773-72A1E73912DA},460,2,800,3,3,3,9
{B54825BE-ABF4-4F38-A084-8AB77E85FF12},460,2,800,3,3,3,9
{B5C7868D-A9BA-4DAF-B966-F51335123C6F},460,2,800,3,3,3,9
{C879CC1B-0B8C-472F-B075-1E610A523BEA},460,2,800,3,3,3,9
{D0BBA92F-B0F0-4300-A463-925E8B17AB8F},460,2,800,3,3,3,9
{DB218224-A6AF-4BED-B0F9-C3450C508B1C},460,2,800,3,3,3,9
{0E8A94C4-10F0-4A36-87C3-9576FD31CFEB},461,2,800,3,3,3,9
{506A3DFC-8B17-454D-8366-19E6959C23B8},461,2,800,3,3,3,9
{50D0D41A-DD51-47A0-A0B7-7FFF8A800FAD},461,2,800,3,3,3,9
{5C22F49C-3AD6-4DCB-AC12-CA590912696F},461,2,800,3,3,3,9
{6DCEDAAF-5621-4AF8-9CC1-90187EB6EB76},461,2,800,3,3,3,9
{7705E6E3-804B-4272-805C-1FE149C5E226},461,2,800,3,3,3,9
{95E3E403-DB70-4C12-A4FB-37D2A61597F2},461,2,800,3,3,3,9
{A3F0EFA7-4EEF-448D-8124-CC5AD9C054D3},461,2,800,3,3,3,9
{D7725427-4D16-41A4-931B-FD8502422DAC},461,2,800,3,3,3,9
{F729E7D8-B683-4CC3-86EC-3F792CBFE605},461,2,800,3,3,3,9
{0DE52A5A-F2F0-49FD-8141-6CD86056E93F},462,2,800,3,3,3,9
{35714BB5-5C7D-41F3-BB32-403A948C11CE},462,2,800,3,3,3,9
{4B950955-117E-4D75-B5E3-304F2899548F},463,2,800,3,3,3,9
{6D793BE8-C2E2-44D7-A65E-9DD982D1EDA9},465,2,800,3,3,3,9
{7E90ECD1-A525-4F19-8B87-2B8BDEB8D8C0},465,2,800,3,4,4,11
{94CE3CCB-E247-47F1-B9D8-2CF669A5F9B5},465,2,800,3,4,4,11
{9C6F33FE-9427-4A76-8C43-BCCBB7D8C1E7},465,2,800,3,4,4,11
{A9D88744-2CD3-47CE-A2D8-FFE761F2EB18},465,2,800,3,4,4,11
{B9A6DF0D-1F44-470F-BAAF-4A2F728F68C5},465,2,800,3,4,4,11
{BE81D489-16E1-4A5F-B608-7A2DD67AD861},465,2,800,3,4,4,11
{D3131537-8A85-4F6D-A535-4A0E07E4D0F7},465,2,800,3,4,4,11
{ECA0EFFA-B0C5-43C2-8DBF-6A7C0039E8AC},465,2,800,3,4,4,11
{248449F6-5569-4CDF-974E-A4024875EAEB},466,2,800,3,4,4,11
{646600CF-030D-40FB-8C7E-A8F347978ADC},466,2,800,3,4,4,11
{30D7833E-3375-4007-84DB-B4434AB82B88},467,2,800,3,4,4,11
{7F52435E-ADC8-4F77-BCA6-37F2C98F17CB},467,2,800,3,4,4,11
{BCA5C02A-9D5A-4F94-86BE-12CA63B5121B},467,2,800,3,4,4,11
{E3F1B989-FE52-40ED-A365-F5AA50A9B2CF},467,2,800,3,4,4,11
{4A591E05-7C92-4A60-B927-51429B80CDA3},468,2,800,3,4,4,11
{6DAC19E2-6E20-43C4-A590-8B4380677946},468,2,800,3,4,4,11
{9812C5C5-7732-4AE0-B408-44931B0E8D96},468,2,800,3,4,4,11
{530102C7-B961-44EA-98A7-4B01214D712E},469,2,800,3,4,4,11
{A5AB0B66-37D6-4D16-B0F4-9C611F92582E},469,2,800,3,4,4,11
{EFF5939B-AC0C-4470-B655-745AA051EFC4},469,2,800,3,4,4,11
{333D3FC6-9A26-472F-848C-AF766F742C60},470,2,800,3,4,4,11
{F770C09A-0F6F-4838-80EF-837D4B0B33C6},471,2,800,3,4,4,11
{40725399-F2CA-4900-B387-739C09E53AEC},472,2,800,3,4,4,11
{7BCA1376-508A-483D-BD9B-15307DEB4511},472,2,800,3,4,4,11
{E1BD83BE-A91C-4672-A3EE-C2A82488876C},472,2,800,3,4,4,11
{B4E54252-7510-4548-B19D-79B7A751A90F},473,2,800,3,4,4,11
{2C76CB73-FF44-4C92-968C-A023679D849D},474,2,800,3,4,4,11
{6B009504-19A4-400F-896F-A24B3C6B215A},474,2,800,3,4,4,11
{CBCE8331-65C8-4CCE-92D7-76D8E55AF311},474,2,800,3,4,4,11
{4C0B1751-C7A1-407F-9E71-546060D1B207},476,2,800,3,4,4,11
{15A4F754-3D71-4336-97E1-EAB2A20F0307},477,2,800,3,4,4,11
{995C7410-025D-4161-BE53-0EFC2C3C6404},479,2,800,3,4,4,11
{06615588-6B3D-468F-AB37-24B33E74F6E9},482,2,800,3,4,4,11
{11DC3526-1B59-4287-8808-ADE2B60BFC57},482,2,800,3,4,4,11
{1DA77659-1977-4EF0-9859-8F58072F8D07},482,2,800,3,4,4,11
{20C912D0-6413-4823-AFBC-DE9EB13D88E5},482,2,800,3,4,4,11
{20F0762F-F9AC-4E62-9BF3-D5C39F1DAF53},482,2,800,3,4,4,11
{318ACE9B-9C87-4750-AC2C-AD0B378177EC},482,2,800,3,4,4,11
{3CB64A34-08E0-4998-A59D-34AC6F5C46D3},482,2,800,3,4,4,11
{4A4AF2B8-3ECA-4917-895F-BBDE5683A246},482,2,800,3,4,4,11
{947A6EFB-EA94-4E65-A460-2EDD17FE961B},482,2,800,3,4,4,11
{99607AA5-2871-4800-8757-2F79220B12B6},482,2,800,3,4,4,11
{9C07BE8D-F6EB-403B-8745-C3EC0ADDAF79},482,2,800,3,4,4,11
{A1967545-704F-47BD-A33E-07BD8F4DF079},482,2,800,3,4,4,11
{AC6487B9-9E50-43BA-A30A-1851A0418151},482,2,800,3,4,4,11
{AEB501B5-07AF-47F3-ACA3-CCB8C8B9C349},482,2,800,3,4,4,11
{D3204DC2-E0E3-4616-8815-5A7BD76F5BEC},482,2,800,3,4,4,11
{DD9A4476-00BE-4BB2-8594-B524BABF804E},482,2,800,3,4,4,11
{DE7898CE-A7B2-4452-9617-E6B4CEAB76F0},482,2,800,3,4,4,11
{E74C3F52-6B67-44A0-990B-522BA2EFDB01},482,2,800,3,4,4,11
{FD1CEC31-5CFE-4F56-AB22-6CE696046341},482,2,800,3,4,4,11
{9D5EF6A0-502F-4724-92B2-AAB0BC594E3F},487,2,800,3,4,4,11
{06F80BA9-5B70-4950-AE03-4B9EB0789873},488,2,800,3,4,4,11
{0DEBACFB-03AE-41E7-AC07-E0A8DC89AE71},488,2,800,3,4,4,11
{1F62A2DF-74D1-420A-AD07-F08E27C0D4E0},488,2,800,3,4,4,11
{3C692911-A9AE-46E6-A3A0-9F6E2B5E7B01},488,2,800,3,4,4,11
{43DAE9F3-B18B-4A5C-B18D-E71839215BB4},488,2,800,3,4,4,11
{4E3D4156-DF53-4752-8295-D2DD543B5330},488,2,800,3,4,4,11
{9FFE96E7-1FF6-41BA-88F4-0E974CBCFC89},488,2,800,3,4,4,11
{D99B62E3-7584-442C-8730-404C5E37A9DE},488,2,800,3,4,4,11
{F1B26AE7-1BA3-45B9-9612-B171429DE8BE},488,2,800,3,4,4,11
{04C48746-2B3D-493F-A00D-EEED18503242},489,2,800,3,4,4,11
{231D6A7F-258D-4E19-8671-5EAC84CB8508},489,2,800,3,4,4,11
{63058450-244C-43F1-B51E-E13FE6164D6F},489,2,800,3,4,4,11
{6E85CF6F-36B4-4084-A83D-C72DDE60E48C},489,2,800,3,4,4,11
{761DD788-144E-45D3-B1E2-C118DE80F3A1},489,2,800,3,4,4,11
{A987E75C-357F-48F4-A96B-A76D4C7D43B0},489,2,800,4,4,4,12
{C663CBB2-88A0-4A89-8C40-A6B7F7E8B606},489,2,800,4,4,4,12
{2D4584CD-84A5-45B2-A232-974C5A441B40},490,2,800,4,4,4,12
{38A67F9A-64DF-4E3D-8591-156F5111F2A2},490,2,800,4,4,4,12
{4190194D-7C71-4222-8F17-65FB06A4E976},490,2,800,4,4,4,12
{6A20F4A4-4325-4BCE-8213-30F57622C561},490,2,800,4,4,4,12
{6A42638E-9068-440B-9891-927FD625C99A},490,2,800,4,4,4,12
{6F4DAAF4-ED53-43A2-9109-7A595759643B},490,2,800,4,4,4,12
{71B0C31A-0413-4151-8A29-BC2BB0A7DE32},490,2,800,4,4,4,12
{BD052986-E4E3-4A40-BDD0-FB1CACF5A52F},490,2,800,4,4,4,12
{CA8B9135-28B7-4479-8E11-18D37A9B815C},490,2,800,4,4,4,12
{E7B22489-03A1-4F49-84F2-CF51302953AE},490,2,800,4,4,4,12
{6D1B5339-1578-4E6A-AA95-49A50652B7DC},493,2,800,4,4,4,12
{88B3EFF5-E141-4BCC-AF02-FC6E9BFB5339},493,2,800,4,4,4,12
{D5A00B0D-174F-4361-919C-7DE3AA197C27},493,2,800,4,4,4,12
{E3FC9BB2-BD11-4331-9926-4A3104ECD956},493,2,800,4,4,4,12
{E5BA9CDE-4F61-4B8E-B086-1659116D7A7A},493,2,800,4,4,4,12
{14B11FD9-D676-490C-8B14-A8B91D590705},494,2,800,4,4,4,12
{27B30469-993E-4D83-9248-98F25755B636},494,2,800,4,4,4,12
{43BD9699-5103-4DD3-A9EA-F313F8349F53},494,2,800,4,4,4,12
{4B64966A-8D98-43AF-88DF-3CEF513E5E68},494,2,800,4,4,4,12
{4B8A9793-2F9B-4B22-AA1A-D0CBE4712B0E},494,2,800,4,4,4,12
{5147C589-5393-4595-93F8-A973C092C1A6},494,2,800,4,4,4,12
{7EFABE3C-7522-46C0-A015-699214D4D1C6},494,2,800,4,4,4,12
{C50D826E-E117-418C-BF9B-6DF312C9A4EB},494,2,800,4,4,4,12
{CE6697DA-38B9-4DEE-95E9-AC8EFC503EAD},494,2,800,4,4,4,12
{E4C1754A-3CD9-4835-9436-A78B6F8C7926},494,2,800,4,4,4,12
{F0FDE5C9-863F-4DF2-B079-9B5090281FF2},494,2,800,4,4,4,12
{03BB352E-7BCD-423D-B44C-34825BDB8D32},495,2,800,4,4,4,12
{334B148E-9332-4943-A2A2-6E0654E48E6F},495,2,800,4,4,4,12
{8AC3DAA3-3253-4626-B835-24EFC1394F62},495,2,800,4,4,4,12
{8DB3DE24-B129-41E1-A5CC-2DA7F58E8F2D},495,2,800,4,4,4,12
{915E21F0-DE1A-4851-AC5C-0DD6F844C923},495,2,800,4,4,4,12
{9711C004-892A-4956-B185-8F6AF50435EC},495,2,800,4,4,4,12
{C2CD034C-D257-4D05-96B4-38218E14A235},495,2,800,4,4,4,12
{DBFC7B39-3F85-4370-8FEA-3FB4FCCF8819},495,2,800,4,4,4,12
{1878536B-0F85-45A5-A972-6B2EBD488989},496,2,800,4,4,4,12
{245B872D-D639-4A43-9B03-FFD20010DCC0},496,2,800,4,4,4,12
{2709FB00-6682-4D98-9951-BBA7B6F7D868},496,2,800,4,4,4,12
{2989B0DA-1887-4639-AED4-94FDB1EAE167},496,2,800,4,4,4,12
{3B202973-36FF-48B7-9C4F-FD8E7C2CF9BD},496,2,800,4,4,4,12
{5D846820-498A-4FE5-8EAC-6621ACB4F56E},496,2,800,4,4,4,12
{9C74A569-3D26-4CEF-8B48-44F37BA96A2D},496,2,800,4,4,4,12
{D4B8A2BB-60D7-4E1B-BC83-F52922175FF6},496,2,800,4,4,4,12
{EA23084A-6852-4A05-9DE8-A6F58F3AE613},496,2,800,4,4,4,12
{2426EA7F-2AAF-4958-BF9D-E40EF17B8586},497,2,800,4,4,4,12
{2FD3D8B1-D8EC-465C-AE79-9F11D9C4AC4F},497,2,800,4,4,4,12
{38C5A6A0-9AE4-4D07-ADC3-68944FD11287},497,2,800,4,4,4,12
{3EF280DB-3E04-4AD6-9A2B-CF9CFB979FD7},497,2,800,4,4,4,12
{3EF8CAC8-1E1A-409E-8FCE-E55C064792A4},497,2,800,4,4,4,12
{4AB13811-5AD2-47B4-B2C6-6766C1311B26},497,2,800,4,4,4,12
{753E536F-8CF8-47A3-A17F-0E9C60CDD3ED},497,2,800,4,4,4,12
{837F2E41-3482-4377-A910-953DE3CAC013},497,2,800,4,4,4,12
{9D7B8CC8-F733-4FEA-B093-E59D7C915A5C},497,2,800,4,4,4,12
{AAFB275D-C490-425D-9CEC-09A1912CED2E},497,2,800,4,4,4,12
{B86B22D4-8EA1-4867-8EAA-C6C221062102},497,2,800,4,4,4,12
{CA52FA5E-3E14-4487-B0AE-95B169C6AA21},497,2,800,4,4,4,12
{D28C24EB-B9A2-4193-881E-1865790DB668},497,2,800,4,4,4,12
{DF5133A3-A448-4A7D-8C8A-AABC3D1F811B},497,2,800,4,4,4,12
{E5BB3433-3C36-4C8B-89E9-E7C3E0011995},497,2,800,4,4,4,12
{EC72AA37-2AA9-4BE8-8228-28BDD9D201BB},497,2,800,4,4,4,12
{BB313389-633B-4997-AA0E-5BECF7BC2E8C},498,2,800,4,4,4,12
{00821EAE-740D-417D-AA96-DB284A0FFFA4},500,2,800,4,4,4,12
{031C43A5-4045-4E01-AA90-A043E4BA4A25},500,2,800,4,4,4,12
{1C1073B3-7821-45AF-980D-089C21182BF7},500,2,800,4,4,4,12
{1D4C401C-067C-4323-832D-86D7F04D1E01},500,2,800,4,4,4,12
{2EC88DA8-1B53-4F26-9BA2-3624D48C0554},500,2,800,4,4,4,12
{4541141B-84F5-405E-9B11-CFA44278A388},500,2,800,4,4,4,12
{477FA2A5-6A2C-4A7B-A7F0-E04B883B3DC7},500,2,800,4,4,4,12
{5C3B238A-AA75-4481-9216-006D7F54D5B9},500,2,800,4,4,4,12
{609FF612-4C74-4317-9EF0-B1A4F513FB46},500,2,800,4,4,4,12
{6128BE48-BBFB-4502-96C2-89EC6D3C8092},500,2,800,4,4,4,12
{762BA600-8973-469D-84F4-BD41493601AC},500,2,800,4,4,4,12
{7C837B80-A98B-454A-BB70-3F67D56DBD84},500,2,800,4,4,4,12
{A516AD30-19C7-4C79-976F-103E00108B69},500,2,800,4,4,4,12
{A9613DF6-CBD9-412B-BD99-5A2AA964B6D7},500,2,800,4,4,4,12
{C90C37B5-3282-4638-8139-12A473AB5AD9},500,2,800,4,4,4,12
{CB668227-C48B-4094-B6B2-A15E1F5381C7},500,2,800,4,4,4,12
{CE25B487-8D11-4BB3-8636-BAFB3CDD9231},500,2,800,4,4,4,12
{DA26C419-9AE9-4647-A247-25EC02FDC177},500,2,800,4,4,4,12
{FB9CA39C-3262-418E-9464-950EED4D5BAC},500,2,800,4,4,4,12
{50A8D80A-91C8-4244-AAB0-FB3E651F1965},501,2,800,4,4,4,12
{C2029E43-D0D9-404B-BEB8-EE657ED370AC},501,2,800,4,4,4,12
{0DDFDB10-58D2-43F9-80F9-6F5675CC14A0},502,2,800,4,4,4,12
{5EF9B673-E0DE-48B3-A49D-2D112D4AF01B},502,2,800,4,4,4,12
{64CAA945-9AD9-461A-ABE7-528A5DA709D2},502,2,800,4,4,4,12
{9BA596BC-CFDE-4227-A47F-A40E403E8C3C},502,2,800,4,4,4,12
{B17B363E-28DA-4A4E-9D0F-48C12F33AA66},502,2,800,4,4,4,12
{DA15635D-5DB1-4D1C-9EF4-7E70D8AEFC9C},502,2,800,4,4,4,12
{0BD0E07E-2E0B-4A0A-ADE1-063F030A1B90},503,2,800,4,4,4,12
{1648916E-F39A-41B7-994A-55DAF0EEBAA3},503,2,800,4,4,4,12
{1A7E6B2D-228E-4994-93C5-7B5CA7856CA6},503,2,800,4,4,4,12
{2C6B0B71-EBE8-4EC8-B6FB-D70EEBC79895},503,2,800,4,4,4,12
{2F7B6D34-61E7-4FF1-8485-A3400383809D},503,2,800,4,4,4,12
{4CC570D6-2A4D-4E06-AF9D-49605C8533A8},503,2,800,4,4,4,12
{8122C204-2F46-4ACC-BC97-E312D6DB4F46},503,2,800,4,4,4,12
{88B467FB-783D-4022-A3A9-BD9BA49DF0B4},503,2,800,4,4,4,12
{A2FDEDEC-30BF-4D67-A34A-9856BEAA2D8B},503,2,800,4,4,4,12
{D0ACE72F-EAE2-4349-9A87-9859BA24ABB6},503,2,800,4,4,4,12
{D3AF0602-913F-478E-8679-28EBDF79D0C2},503,2,800,4,4,4,12
{EC4ACAA2-86C2-4FE9-A9CE-C58A7DD754ED},503,2,800,4,4,4,12
{F84C763E-704F-4FB6-B135-535AFBE50610},503,2,800,4,4,4,12
{FECE32B1-F279-4C8C-A9A5-955191A69DAB},503,2,800,4,4,4,12
{04301277-D0C3-454B-AC1B-9CC16870CB04},504,2,800,4,4,4,12
{2754F8D1-6CFB-4564-B607-E69EBE939C8D},504,2,800,4,4,4,12
{3BA6EA21-920D-4B0C-A7A6-BCB848980FAC},504,2,800,4,4,4,12
{4883121B-8539-4969-84BB-F2AE00B9811A},504,2,800,4,4,4,12
{4F4BF37F-E979-46BC-86F6-E5937BD4DC22},504,2,800,4,4,4,12
{51FD7275-2FF2-40BF-A214-8D0B13130EA6},504,2,800,4,4,4,12
{66D4BF34-EBEE-4FDE-BA64-6492B9B28F41},504,2,800,4,4,4,12
{746A2712-504D-40DF-BE4E-EB0080590B0E},504,2,800,4,4,4,12
{75C2B4D5-9883-4C1C-95D3-1C4DB751C988},504,2,800,4,4,4,12
{7D72C861-989A-48C1-AF8F-FC7630AB5D06},504,2,800,4,4,4,12
{7FAD3829-4F7B-4067-A2AA-29E6FBABDE16},504,2,800,4,4,4,12
{8FE28A91-A798-4045-ABA7-2312FC513C84},504,2,800,4,4,4,12
{920F86FF-82AE-475B-B5D2-243F0DC0BE04},504,2,800,4,4,4,12
{9C36DE8B-669D-4422-95CE-25B458229E1B},504,2,800,4,4,4,12
{9E2AD65C-3152-42BD-9F76-7A7CB7FE586F},504,2,800,4,4,4,12
{C06EF77A-F346-452C-988A-5803C691C767},504,2,800,4,4,4,12
{CDC0AA0B-2656-4711-85E5-C1A2D42723A9},504,2,800,4,4,4,12
{D08D9D82-0599-4167-8B93-9AA6C95FD834},504,2,800,4,4,4,12
{D2A15C9C-A5DD-41A0-85F0-05100F2EFD0D},504,2,800,4,4,4,12
{DE3B2B99-E10E-46E2-9E36-9E870ACBEA56},504,2,800,4,4,4,12
{E6669A7F-E295-4345-B4A1-8D87DF914FD6},504,2,800,4,4,4,12
{E808B6FB-80B7-4497-82BD-F7504180D65B},504,2,800,4,4,4,12
{EEB13093-90FE-49D7-9725-3D5FF6E7CC00},504,2,800,4,4,4,12
{EF7B8BF0-5347-45EC-A128-21D4D6DD167D},504,2,800,4,4,4,12
{F5A51696-4E54-429D-B964-439CA1ED7E66},504,2,800,4,4,4,12
{23CB96A1-9AE0-4211-8FD7-5AD4ACD5D0F7},508,2,800,4,4,4,12
{1BB9E325-49FF-47F8-8812-F3632316E666},513,2,800,4,4,4,12
{6209F97B-AD5D-47A7-BCAF-05FA29C209C1},513,2,800,4,4,4,12
{635B64B8-D4CC-45E9-9977-438AFFA295A4},513,2,800,4,4,4,12
{907AE482-1711-4B41-8126-C611365CCB88},513,2,800,4,4,4,12
{B171DE49-4714-4B37-9BA6-F7E97C21DF29},513,2,800,4,4,4,12
{BE0A9168-4F7F-447F-892B-2D796EA2950C},513,2,800,4,4,4,12
{C5A94525-585B-4914-9F09-0329B18E3776},513,2,800,4,4,4,12
{D1EB8888-3229-42AA-8C47-69CA75C3DD61},513,2,800,4,4,4,12
{D9B6953C-FC45-4E7F-899B-4273439FC587},513,2,800,4,4,4,12
{DA2B4BB5-BD1C-430E-AF7A-53106A117662},513,2,800,4,4,4,12
{F1A20E9F-157A-4F49-9FEA-4C0E4391E144},513,2,800,4,4,4,12
{393BA283-5601-4513-94F9-096A203ECA93},515,2,800,4,4,4,12
{816DCD05-DDE1-486A-BC83-E5C927786A8E},515,2,800,4,4,4,12
{A32E9C3E-9AD7-4372-9013-B34A0AA3CC1F},515,2,800,4,4,4,12
{C116BD1F-DF8A-4F97-BEBF-04D4B0184CC9},521,2,800,4,4,4,12
{9B541BA7-5EC0-4C71-BAF4-90B3916BBF52},522,2,800,4,4,4,12
{431A023C-D327-49CD-BF12-7D63D7445653},523,2,800,4,4,4,12
{A65638A6-DAF3-4F13-B954-BC7F11715849},523,2,800,4,4,4,12
{F07736AD-487C-43F5-ABC7-04509E719745},535,2,800,4,4,4,12
{15904B2B-8DDE-4F0C-A691-857F571DF280},537,2,800,4,4,4,12
{05D20B06-C2FE-456C-B798-90AFD47391E4},541,2,800,4,4,4,12
{0F667EF2-8FA8-4981-A699-66CA9C39C565},541,2,800,4,4,4,12
{1FE978EA-4D50-4789-B6ED-AF7A10EDF113},541,2,800,4,4,4,12
{4BC041F3-54AE-47B1-A103-A625B583C06D},541,2,800,4,4,4,12
{841F4149-53BF-43A8-9B55-399BD39EE046},541,2,800,4,4,4,12
{84E3FE5E-2E02-406A-9FC7-80596A75F843},541,2,800,4,4,4,12
{9A8D2F78-FDEA-4FB6-944C-3072F9AB8F31},541,2,800,4,4,4,12
{BAC90C8D-8CC9-4E9E-B315-90488988D827},541,2,800,4,4,4,12
{C355697A-9EB6-4C44-ADAB-E7A44CD16071},541,2,800,4,4,4,12
{C930B3CC-6B7B-405A-9AF9-4191815505DB},541,2,800,4,4,4,12
{DEA4ED68-4EB3-453F-BB06-2536CBD98965},541,2,800,4,4,4,12
{E17E13A4-072B-4215-A606-A1BEE932481B},541,2,800,4,4,4,12
{32D360BD-B1EB-41C4-90AD-47D99D8F44AE},544,2,800,4,4,4,12
{523B74EE-52A4-47FE-A220-A2017BEF8855},550,2,800,4,4,4,12
{53E50FDC-2223-4625-80B0-A2147B1BE225},551,2,800,4,4,4,12
{FFBF7BCA-E513-4C42-B280-3FD001E40A22},556,2,800,4,4,4,12
{F0E6FA5E-CCEB-432A-A699-657F74EE91AB},557,2,800,4,4,4,12
{C4604897-3E2B-404B-84E4-159FC0B1D80C},563,2,800,4,4,4,12
{07513775-8BB8-435D-A845-E82C2C522101},570,2,800,4,4,4,12
{493BAAAA-2605-4D27-8D02-ABC869F6F2A7},573,2,800,4,4,4,12
{639611BB-F44D-4C52-9AF3-DFB87847B7EE},573,2,800,4,4,4,12
{7B6017DF-2308-46D4-8439-49FDBC8732ED},573,2,800,4,4,4,12
{E94C7D37-CA05-4E5A-BE92-3E321AF7BF01},573,2,800,4,4,4,12
{EC627858-B434-4E4B-991E-506CBC7D438E},573,2,800,4,4,4,12
{9B2C5335-2E1A-4755-A658-668B5314B032},574,2,800,4,4,4,12
{D8D83013-5E85-4C67-B28A-98C449F2D0FC},574,2,800,4,4,4,12
{43999B3A-2C79-43D5-9A2D-54B7F8189182},592,2,800,4,4,4,12
{13F97E25-FF3C-4D67-8C94-BB0C38D4A98E},601,2,800,4,4,4,12
{71F91BE5-2331-4175-B955-44CFF7ED6DB6},601,2,800,4,4,4,12
{048DB24A-AA8A-4F5A-BE6B-BC8D2AABF605},603,2,800,4,4,4,12
{088D4982-2E19-4E8C-8CCD-2EB3FA905274},603,2,800,4,4,4,12
{23563630-755B-4833-8B67-5C9DFAACFA9F},603,2,800,4,4,4,12
{279D1BE9-F114-4694-83A1-24F3D057BF64},603,2,800,4,4,4,12
{29EA2973-F3A0-4540-8727-2B7F3E681B81},603,2,800,4,4,4,12
{3D12CE71-B4D1-4498-9348-6A2CD20B8C33},603,2,800,4,4,4,12
{798E4A91-B169-4100-B05E-FA9A9EFDBD55},603,2,800,4,4,4,12
{7DEB6687-A583-4595-9A7D-6EE465EDA123},603,2,800,4,4,4,12
{AA66BF82-B013-4DF0-B27C-715B24112747},604,2,800,4,4,4,12
{B91001D2-0A50-4453-A8E6-6CB2B561AED3},605,2,800,4,4,4,12
{D93FECD8-A129-4412-B34F-ED86842581EA},608,2,800,4,4,4,12
{AC2115BC-E369-418B-BDA6-37106E1B597D},630,2,800,4,4,4,12
{93E99281-E231-4B3B-8926-61FC28B93131},632,2,800,4,4,4,12
{4850B9AA-516B-475D-9193-0DE592A85493},633,2,800,4,4,4,12
{A87A5B58-097D-411F-B8A2-48B77B6D19AF},633,2,800,4,4,4,12
{D6F1FF80-205E-4810-84B2-D015A7A5BD27},633,2,800,4,4,4,12
{F65CBCDD-0B5E-416B-BE47-D510D9F98BDF},633,2,800,4,4,4,12
{37E5F43D-A706-4E71-92D4-C534D3772202},635,2,800,4,4,4,12
{51F31E9C-7AB6-46C0-8AA8-A26A571CFD3B},635,2,800,4,4,4,12
{1AA1815D-46A6-4950-B718-8F3BB6A4582D},641,2,800,4,4,4,12
{ADE8D851-FE86-4B60-8F62-DEA77FC75CF8},664,2,800,4,4,4,12
{B2C32482-1C8A-4DFC-9A76-A2B1E04EBF33},664,2,800,4,4,4,12
{BE503E19-0217-4EB6-9D17-C3025E48A1B7},664,2,800,4,4,4,12
{D5C6A0E1-7E3E-4D08-BDDB-8F8035860D13},664,2,800,4,4,4,12
{AFF9CD2B-25F5-4DB0-A3E7-BCAF08337858},693,2,800,4,4,4,12
{07C45C29-0C7D-4C8E-9523-A62C716D497C},695,2,800,4,4,4,12
{93193404-048F-4EB9-9772-568CCA4EAE7E},695,2,800,4,4,4,12
{F0A10D02-4E91-4D6D-88F6-269B57121574},695,2,800,4,4,4,12
{89143E10-3280-4260-97D4-2C754C040D4D},696,2,800,4,4,4,12
{B1AA3184-0468-4824-8828-4E97755FFFDA},707,2,800,4,4,4,12
{6AC56EC2-D727-47D8-BA63-2006EAACED57},712,2,800,4,4,4,12
{FAE7FCCD-C9FC-4FD8-A8C9-0E175A652B40},713,2,800,4,4,4,12
{CA5CED52-12CF-4546-9ADB-97F8D5AE122F},723,2,800,4,4,4,12
{5A9DEAA5-E974-44C9-9EEA-08D72CAFD5C8},729,2,800,4,4,4,12
{BB75CD08-2108-45A8-966C-F24A19E38A74},738,2,800,4,4,4,12
{7D5E3779-048E-4791-ACF6-5AA56FF58B73},739,2,800,4,4,4,12
{C619FDD6-D587-4810-9D50-9EE5A984D3A9},740,2,800,4,4,4,12
{4646A4A6-7CA2-4111-9523-47E499DD7B5D},745,2,800,4,4,4,12
{EDC2F047-164F-4A85-AA48-0A66BBB94810},749,2,800,4,4,4,12
{8E89B28A-0EBD-49F9-84CE-F9BE87B4BF3D},755,2,800,4,4,4,12
{4A7A215F-7032-44C5-B524-B50765FC101B},756,2,800,4,4,4,12
{5E60F70D-A049-4479-A8A3-F71D01D078B9},756,2,800,4,4,4,12
{0716711D-FB1A-48AE-A7E3-42B83ED8ED38},757,2,800,4,4,4,12
{26C3B486-9D20-4D30-B720-AEBA69103640},761,2,800,4,4,4,12
{10AE1E0E-DBD5-443B-A90A-C225048EE769},763,2,800,4,4,4,12
{713A0AF8-AAC5-49D1-A031-0212F0CF86FB},763,2,800,4,4,4,12
{8266C73A-AA79-4A46-8765-08F7D822A35F},766,2,800,4,4,4,12
{1CFAC609-C72F-4DE5-8590-34DBD9072287},770,2,800,4,4,4,12
{C9159236-0288-45AD-9E6D-1C3692F00DE6},770,2,800,4,4,4,12
{6C349C1F-FB92-4A1E-B510-35AE5D56B4BF},774,2,800,4,4,4,12
{2672049E-A67C-4C1F-973C-E7CD14FA68E8},775,2,800,4,4,4,12
{695BD2AF-D9F6-4F3D-B888-7FC8DB389F3C},784,2,800,4,4,4,12
{9B7D2550-A4FA-475E-9FD5-D12AE76E05B9},784,2,800,4,4,4,12
{EF7461DB-6071-409B-A46D-72B4510A3CF4},790,2,800,4,4,4,12
{BD3CD2F1-3DC6-4E85-8325-622A86EBB5A4},795,2,800,4,4,4,12
{333A83DC-7DEE-4BC1-A642-6F2040762487},796,2,800,4,4,4,12
{C4E008E5-09F2-434B-AF20-26F7EDA17772},804,2,800,4,4,4,12
{FB099CB9-3D17-4D4A-88D0-DA2FE1D4EBBD},804,2,800,4,4,4,12
{26A902E5-7E9D-434B-8CF1-A3A55FE9CA4C},807,2,800,4,4,4,12
{7671C629-D569-4D4F-BFC6-5AC6ECE7811F},807,2,800,4,4,4,12
{C35CB237-BA72-4ABF-94DE-4ACF2C85BBDA},807,2,800,4,4,4,12
{C61E0E04-3175-4684-B9AE-1A0F523E9C1D},807,2,800,4,4,4,12
{09180CE0-1012-4714-BBA3-938414B7106B},808,2,800,4,4,4,12
{EC9A08B2-DFA4-42AF-9F2A-BB012FE0092F},808,2,800,4,4,4,12
{32B80BC1-784A-417A-B665-4C36202D25A4},809,2,800,4,4,4,12
{38DC5B28-8EF2-4042-81E7-31B807368986},812,2,800,4,4,4,12
{597D0B11-DC36-44F5-B25E-937CC70141EB},815,2,800,4,4,4,12
{87DB30D8-53BA-4F4B-A80D-3188702FEDEB},817,2,800,4,4,4,12
{C0B76875-A0F8-46A4-9236-3FE35C6BCBEE},817,2,800,4,4,4,12
{F5984A81-8D5D-4E45-9377-80FE155CB3BD},817,2,800,4,4,4,12
{D3508C14-6DE4-4282-954A-2AE4E2475C4F},818,2,800,4,4,4,12
{91343606-DEA6-482E-8C9F-DCF6F9417D35},821,2,800,4,4,4,12
{FCBCE55A-C538-49B1-9EE9-4BB4487AD2CA},823,2,800,4,4,4,12
{0EE3A269-8925-4DAF-87B6-581D1365B9AB},824,2,800,4,4,4,12
{A8A8A422-0234-4361-9F29-07599767FA97},825,2,800,4,4,4,12
{E8F1166E-88EA-4ADF-9124-9B46B4D07BDD},829,2,800,4,4,4,12
{5D232E78-0DF7-444B-8E56-37253F40AC14},832,2,800,4,4,4,12
{776B68AB-DB36-4821-ADE9-892C61CB2A51},833,2,800,4,4,4,12
{8872E4C7-234B-438A-A54A-AAFCFC4FE453},833,2,800,4,4,4,12
{9A947DAF-F72C-4C54-BDE9-BD7ABF97844B},836,2,800,4,4,4,12
{D23DEA28-24CD-4ED7-AB20-707F0655907D},836,2,800,4,4,4,12
{A5D2BBD7-A113-4BD3-BBAE-21A077B2B7D2},839,2,800,4,4,4,12
{91284E72-F338-489B-8CEE-C82A5539AD5D},853,2,800,4,4,4,12
{1A69B347-D858-4453-AE38-4BE9F13131B9},858,2,800,4,4,4,12
{91BE781E-65E6-461E-914D-70132014EC76},859,2,800,4,4,4,12
{2FAD3A01-2F6D-4C30-B6C3-FC6D82E64EA0},866,2,800,4,4,4,12
{B5E483BC-E6CE-44F4-BA08-C83464C1F71E},866,2,800,4,4,4,12
{96997A39-44BB-43D0-A74A-A88F72D9F7BE},889,2,800,4,4,4,12
{2166C7E2-E8C7-49CE-BD53-D68BAE3B09CE},907,2,800,4,4,4,12